created_at,created_by,updated_at,updated_by,wallet_portfolio_id,wallet_address,chain_name,data_provider_name,data_feed_type,token_address,available_token_balance,available_token_balance_in_usd,token_price_in_usd,provider_raw_data
2025-03-11 05:12:08.117+00,NULL,NULL,NULL,83c70df6-ce49-491b-9d8c-6c1b9f94b90f,C4nYJX8RS9PwNZt3UywgbWSTMePAXTWSJELpQU1Y9k8T,solana,BirdEye,Api,EStofjjmWfSaaK7fKxy73tzYk31hkh38towTpDdih5ed,5504.712346,4.102307122,0.00219898,"{""address"":""EStofjjmWfSaaK7fKxy73tzYk31hkh38towTpDdih5ed"",""decimals"":6,""balance"":5504712346,""uiAmount"":5504.712346,""chainId"":""solana"",""name"":""Dill Bits"",""symbol"":""Dâ€‹B "",""icon"":""https://gateway.irys.xyz/njskfiAwlMzzpaiClaq4Pkw_mkeZPqNEfNf2W9QEXTI"",""logoURI"":""https://gateway.irys.xyz/njskfiAwlMzzpaiClaq4Pkw_mkeZPqNEfNf2W9QEXTI"",""priceUsd"":0.002198980084507468,""valueUsd"":4.1023071222453}"
2025-03-11 05:12:00.952+00,NULL,NULL,NULL,754e3e3a-78e6-4667-9021-683ec72e0577,C4nYJX8RS9PwNZt3UywgbWSTMePAXTWSJELpQU1Y9k8T,solana,BirdEye,Api,65Kzhp1KhXdQrJWL8zxN3pbdZXgbdv1WgRasTmt3idc9,7954.864597,5.992974628,0.030290997,"{""address"":""65Kzhp1KhXdQrJWL8zxN3pbdZXgbdv1WgRasTmt3idc9"",""decimals"":6,""balance"":7954864597,""uiAmount"":7954.864597,""chainId"":""solana"",""name"":""â€‹PWEASEâ€‹"",""symbol"":""â€‹pweÐ°se"",""icon"":""https://gateway.irys.xyz/3ogGjbH3YSuX0y53WFo-vMZWtHBVK6JnH-yX3i5xh2I"",""logoURI"":""https://gateway.irys.xyz/3ogGjbH3YSuX0y53WFo-vMZWtHBVK6JnH-yX3i5xh2I"",""priceUsd"":0.03029099749389597,""valueUsd"":5.9929746276123}"
2025-03-11 05:11:57.492+00,NULL,NULL,NULL,955ff994-46ac-4e0f-abd9-0eb6c7ea065f,C4nYJX8RS9PwNZt3UywgbWSTMePAXTWSJELpQU1Y9k8T,solana,BirdEye,Api,H5BUpeuvYCS75nmtEbWSKJvMy9KLHTzWGcZwTtU5TexL,3388,8.545432755,0.012590426,"{""address"":""H5BUpeuvYCS75nmtEbWSKJvMy9KLHTzWGcZwTtU5TexL"",""decimals"":6,""balance"":3388000000,""uiAmount"":3388,""chainId"":""solana"",""name"":""Barron William Trump"",""symbol"":""BWT"",""icon"":""https://ipfs.io/ipfs/QmWXR1svYyS56aipCw54GG1absvkzqoQaGYVx2S9tuiXbs"",""logoURI"":""https://ipfs.io/ipfs/QmWXR1svYyS56aipCw54GG1absvkzqoQaGYVx2S9tuiXbs"",""priceUsd"":0.012590425996685589,""valueUsd"":8.5454327552607}"
2025-03-11 05:11:55.402+00,NULL,NULL,NULL,9d3daa8a-cead-4a70-9a51-b86d0ff4b9d6,C4nYJX8RS9PwNZt3UywgbWSTMePAXTWSJELpQU1Y9k8T,solana,BirdEye,Api,7UtzpdHZ9Mfh4CtQv8VDPmH9U3wpbRGkhS47zgTN6W2Q,5288,10.43796611,0.015494091,"{""address"":""7UtzpdHZ9Mfh4CtQv8VDPmH9U3wpbRGkhS47zgTN6W2Q"",""decimals"":6,""balance"":5288000000,""uiAmount"":5288,""chainId"":""solana"",""name"":""cloudyheart"",""symbol"":""cloudy"",""icon"":""https://ipfs.io/ipfs/QmWtXVb38JHE141KGP3GLQhZCJvEmjahLF4Jg7m9UfM1ZC"",""logoURI"":""https://ipfs.io/ipfs/QmWtXVb38JHE141KGP3GLQhZCJvEmjahLF4Jg7m9UfM1ZC"",""priceUsd"":0.01549409067317923,""valueUsd"":10.4379661101348}"
2025-03-11 05:11:09.099+00,NULL,2025-03-11 05:12:47.173+00,NULL,dc9dc2da-2b8b-49d0-9d88-6fa06ec49472,9YwtWKdNczTzJHMbVdh1J3ZFWAVmYPpCPR7FwoMvZkVx,solana,BirdEye,Api,95gQ9wwzssmxv9YAXTn94UVWLTutRCJtWF4TFygKJLum,3877.631786,0.058451307,1.51E-05,"{""address"":""95gQ9wwzssmxv9YAXTn94UVWLTutRCJtWF4TFygKJLum"",""decimals"":6,""balance"":3877631786,""uiAmount"":3877.631786,""chainId"":""solana"",""name"":""Retarded Alon"",""symbol"":""ALEN"",""icon"":""https://ipfs.io/ipfs/QmYBsRmnbJjhhVFCBVneHxaf4zi6edTUoLMs672fMzPxM7"",""logoURI"":""https://ipfs.io/ipfs/QmYBsRmnbJjhhVFCBVneHxaf4zi6edTUoLMs672fMzPxM7"",""priceUsd"":0.000015073970519868231,""valueUsd"":0.058451307229067995}"
2025-03-11 05:10:28.709+00,NULL,2025-03-11 05:12:48.12+00,NULL,5ffb78b2-f459-44b0-87a0-d9251e9c333a,9YwtWKdNczTzJHMbVdh1J3ZFWAVmYPpCPR7FwoMvZkVx,solana,BirdEye,Api,Br5WnxovzVifZfQpXVAwfMukBz9oTjrPYgWLGoMj8GZt,0.086913,0.055736582,0.641291664,"{""address"":""Br5WnxovzVifZfQpXVAwfMukBz9oTjrPYgWLGoMj8GZt"",""decimals"":6,""balance"":86913,""uiAmount"":0.086913,""chainId"":""solana"",""name"":""Grokcoin"",""symbol"":""GROKCOIN"",""icon"":""https://pump.mypinata.cloud/ipfs/Qme1b3sHNJurxKGp6UCQDVVUXtMKcJNyswHB7zjNJ6RUhN?img-width=256&img-dpr=2&img-onerror=redirect"",""logoURI"":""https://pump.mypinata.cloud/ipfs/Qme1b3sHNJurxKGp6UCQDVVUXtMKcJNyswHB7zjNJ6RUhN?img-width=256&img-dpr=2&img-onerror=redirect"",""priceUsd"":0.6412916639406848,""valueUsd"":0.055736582388076744}"
2025-03-11 05:09:59.199+00,NULL,2025-03-11 05:11:38.859+00,NULL,f35895f5-fb8f-4a9f-8659-84088b092830,CEEXTqHaqbVriXoW4uvdaPShkMaHg9AWnFXLS1nS887C,solana,BirdEye,Api,65Kzhp1KhXdQrJWL8zxN3pbdZXgbdv1WgRasTmt3idc9,7906.5055,5.992974628,0.030290997,"{""address"":""65Kzhp1KhXdQrJWL8zxN3pbdZXgbdv1WgRasTmt3idc9"",""decimals"":6,""balance"":7906505500,""uiAmount"":7906.5055,""chainId"":""solana"",""name"":""â€‹PWEASEâ€‹"",""symbol"":""â€‹pweÐ°se"",""icon"":""https://gateway.irys.xyz/3ogGjbH3YSuX0y53WFo-vMZWtHBVK6JnH-yX3i5xh2I"",""logoURI"":""https://gateway.irys.xyz/3ogGjbH3YSuX0y53WFo-vMZWtHBVK6JnH-yX3i5xh2I"",""priceUsd"":0.03029099749389597,""valueUsd"":5.9929746276123}"
2025-03-11 05:09:50.522+00,NULL,2025-03-11 05:11:33.219+00,NULL,53562a4d-6a13-40f2-8517-fa3d6aee515d,CEEXTqHaqbVriXoW4uvdaPShkMaHg9AWnFXLS1nS887C,solana,BirdEye,Api,H5BUpeuvYCS75nmtEbWSKJvMy9KLHTzWGcZwTtU5TexL,4868,8.545432755,0.012590426,"{""address"":""H5BUpeuvYCS75nmtEbWSKJvMy9KLHTzWGcZwTtU5TexL"",""decimals"":6,""balance"":4868000000,""uiAmount"":4868,""chainId"":""solana"",""name"":""Barron William Trump"",""symbol"":""BWT"",""icon"":""https://ipfs.io/ipfs/QmWXR1svYyS56aipCw54GG1absvkzqoQaGYVx2S9tuiXbs"",""logoURI"":""https://ipfs.io/ipfs/QmWXR1svYyS56aipCw54GG1absvkzqoQaGYVx2S9tuiXbs"",""priceUsd"":0.012590425996685589,""valueUsd"":8.5454327552607}"
2025-03-11 05:09:46.282+00,NULL,2025-03-11 05:11:31.283+00,NULL,2e52b22d-d874-433f-a08c-fd450ebfd6d9,CEEXTqHaqbVriXoW4uvdaPShkMaHg9AWnFXLS1nS887C,solana,BirdEye,Api,7UtzpdHZ9Mfh4CtQv8VDPmH9U3wpbRGkhS47zgTN6W2Q,5288,10.43796611,0.015494091,"{""address"":""7UtzpdHZ9Mfh4CtQv8VDPmH9U3wpbRGkhS47zgTN6W2Q"",""decimals"":6,""balance"":5288000000,""uiAmount"":5288,""chainId"":""solana"",""name"":""cloudyheart"",""symbol"":""cloudy"",""icon"":""https://ipfs.io/ipfs/QmWtXVb38JHE141KGP3GLQhZCJvEmjahLF4Jg7m9UfM1ZC"",""logoURI"":""https://ipfs.io/ipfs/QmWtXVb38JHE141KGP3GLQhZCJvEmjahLF4Jg7m9UfM1ZC"",""priceUsd"":0.01549409067317923,""valueUsd"":10.4379661101348}"
2025-03-11 05:09:33.133+00,NULL,2025-03-11 05:11:23.377+00,NULL,d2b2ca19-799d-4eb3-89f4-56983fe68738,CEEXTqHaqbVriXoW4uvdaPShkMaHg9AWnFXLS1nS887C,solana,BirdEye,Api,CNeVXrppJvVGPDVH3CtceysrgzSVa6MvFq7cxm1HXhzn,1733.84934,16.05769484,0.030153854,"{""address"":""CNeVXrppJvVGPDVH3CtceysrgzSVa6MvFq7cxm1HXhzn"",""decimals"":6,""balance"":1733849340,""uiAmount"":1733.84934,""chainId"":""solana"",""priceUsd"":0.030153853623668875,""valueUsd"":16.057694842456502}"
2025-03-11 05:09:10.442+00,NULL,2025-03-11 05:13:24.239+00,NULL,81dc8645-a447-4446-9224-fb04e065e318,9YwtWKdNczTzJHMbVdh1J3ZFWAVmYPpCPR7FwoMvZkVx,solana,BirdEye,Api,Bzz2qMEPqQjME3fpezVM27WLuz4McQYdWK6EMbKbLMHP,83111.18277,0.066587063,8.01E-07,"{""address"":""Bzz2qMEPqQjME3fpezVM27WLuz4McQYdWK6EMbKbLMHP"",""decimals"":9,""balance"":83111182765865,""uiAmount"":83111.182765865,""chainId"":""solana"",""name"":""manus"",""symbol"":""M"",""icon"":""https://gateway.irys.xyz/x3VwOtw2A6r6013bhFPZ2m15vPoJotBQv58uDwUzcl8"",""logoURI"":""https://gateway.irys.xyz/x3VwOtw2A6r6013bhFPZ2m15vPoJotBQv58uDwUzcl8"",""priceUsd"":8.01180552498187e-7,""valueUsd"":0.06658706332713352}"
2025-03-11 05:09:09.893+00,NULL,2025-03-11 05:13:23.708+00,NULL,a40451bd-495e-4aba-89f3-53b51b24c4a4,9YwtWKdNczTzJHMbVdh1J3ZFWAVmYPpCPR7FwoMvZkVx,solana,BirdEye,Api,7rXxRTeHxP1zQaCmUn6LWWqXVDp9Po5Denpnfzb35nmJ,82434.31073,0.072001705,8.73E-07,"{""address"":""7rXxRTeHxP1zQaCmUn6LWWqXVDp9Po5Denpnfzb35nmJ"",""decimals"":9,""balance"":82434310728854,""uiAmount"":82434.310728854,""chainId"":""solana"",""name"":""CENTIPEDE"",""symbol"":""CENTI"",""icon"":""https://ipfs.io/ipfs/QmVCEjcr8jMQ7H9aatRGHPpvmhY85ifDznyB2LkyNzaiM9"",""logoURI"":""https://ipfs.io/ipfs/QmVCEjcr8jMQ7H9aatRGHPpvmhY85ifDznyB2LkyNzaiM9"",""priceUsd"":8.734434020499311e-7,""valueUsd"":0.07200170480865138}"
2025-03-11 05:09:01.799+00,NULL,2025-03-11 05:13:17.287+00,NULL,57e34dca-b358-4130-95ed-e2567935f4ba,9YwtWKdNczTzJHMbVdh1J3ZFWAVmYPpCPR7FwoMvZkVx,solana,BirdEye,Api,9fw2CtRUz1dgv2beTFYRLy49wZ8PegKnvtP7EfGmmoon,215.0781664,0.105421215,0.000490153,"{""address"":""9fw2CtRUz1dgv2beTFYRLy49wZ8PegKnvtP7EfGmmoon"",""decimals"":9,""balance"":215078166422,""uiAmount"":215.078166422,""chainId"":""solana"",""name"":""The Funder Coin "",""symbol"":""TFC"",""icon"":""https://cdn.dexscreener.com/cms/images/TYvR22HXxG4yYMmh"",""logoURI"":""https://cdn.dexscreener.com/cms/images/TYvR22HXxG4yYMmh"",""priceUsd"":0.0004901530302418691,""valueUsd"":0.10542121501060833}"
2025-03-11 05:09:01.598+00,NULL,2025-03-11 05:13:16.921+00,NULL,86f47cd2-5cab-47e7-aff7-1b2f7bc73d34,9YwtWKdNczTzJHMbVdh1J3ZFWAVmYPpCPR7FwoMvZkVx,solana,BirdEye,Api,BEE2tTcCg2r6hwYxe8h9gtWdJAuqCnYjjdups5a5sdEd,5567427320,0.106861298,1.92E-11,"{""address"":""BEE2tTcCg2r6hwYxe8h9gtWdJAuqCnYjjdups5a5sdEd"",""decimals"":3,""balance"":5567427319516,""uiAmount"":5567427319.516,""chainId"":""solana"",""name"":""BEELON"",""symbol"":""BEELON"",""icon"":""https://ipfs.io/ipfs/QmRopRghchDwQEn6oUDaz1mjjcjmdYUo4zQHq1Ab4Zgrh6"",""logoURI"":""https://ipfs.io/ipfs/QmRopRghchDwQEn6oUDaz1mjjcjmdYUo4zQHq1Ab4Zgrh6"",""priceUsd"":1.919401765323553e-11,""valueUsd"":0.10686129825389587}"
2025-03-11 05:08:59.015+00,NULL,2025-03-11 05:13:14.605+00,NULL,afc2bb88-d648-4bae-aaf7-7ddba76bfe86,9YwtWKdNczTzJHMbVdh1J3ZFWAVmYPpCPR7FwoMvZkVx,solana,BirdEye,Api,FXcsLmuLtGw8CtHJRVE7G3aN9XvkN6HY2ViytJDaDhsC,17960888800,0.131738172,7.33E-12,"{""address"":""FXcsLmuLtGw8CtHJRVE7G3aN9XvkN6HY2ViytJDaDhsC"",""decimals"":2,""balance"":1796088879967,""uiAmount"":17960888799.67,""chainId"":""solana"",""name"":""Vance Meme"",""symbol"":""VANCE"",""icon"":""https://gateway.irys.xyz/tJXqkv29yYK9p3Vwn0VgW-zbF9b5Tqi-ZXMxpQLQ-vU"",""logoURI"":""https://gateway.irys.xyz/tJXqkv29yYK9p3Vwn0VgW-zbF9b5Tqi-ZXMxpQLQ-vU"",""priceUsd"":7.334724544294369e-12,""valueUsd"":0.13173817191628137}"
2025-03-11 05:08:58.348+00,NULL,2025-03-11 05:13:14.015+00,NULL,77ffdb09-a38a-4c7a-a3ca-64e1ee626774,9YwtWKdNczTzJHMbVdh1J3ZFWAVmYPpCPR7FwoMvZkVx,solana,BirdEye,Api,7ZDRyZQVhJFWfNQZ7RksPrqjuv3FobsFqJ3xWUCbdCCM,2957.430538,0.138403879,4.68E-05,"{""address"":""7ZDRyZQVhJFWfNQZ7RksPrqjuv3FobsFqJ3xWUCbdCCM"",""decimals"":9,""balance"":2957430537950,""uiAmount"":2957.43053795,""chainId"":""solana"",""name"":""Crypto Cloud Money"",""symbol"":""CCM"",""icon"":""https://gateway.irys.xyz/Z8wXwE7kzAFi1rDdt5RPZjqqN05k6YgJxsHT6Q4a0Eo"",""logoURI"":""https://gateway.irys.xyz/Z8wXwE7kzAFi1rDdt5RPZjqqN05k6YgJxsHT6Q4a0Eo"",""priceUsd"":0.000046798691454595595,""valueUsd"":0.13840387924392072}"
2025-03-11 05:08:56.331+00,NULL,2025-03-11 05:13:12.922+00,NULL,4438ebcc-3616-415c-a0ec-c7772d909d0f,9YwtWKdNczTzJHMbVdh1J3ZFWAVmYPpCPR7FwoMvZkVx,solana,BirdEye,Api,EhmDDiXD9V83L3g7sr3LWbzJoKarct7v2yw9FXUa1PC7,70.311294,0.15562769,0.00221341,"{""address"":""EhmDDiXD9V83L3g7sr3LWbzJoKarct7v2yw9FXUa1PC7"",""decimals"":6,""balance"":70311294,""uiAmount"":70.311294,""chainId"":""solana"",""name"":""YzY"",""symbol"":""YzY"",""icon"":""https://ipfs.io/ipfs/QmdTwXbm5hgs1eU6yTG4FpLgPHjXNLVgYMzSdRXqVc8xJN"",""logoURI"":""https://ipfs.io/ipfs/QmdTwXbm5hgs1eU6yTG4FpLgPHjXNLVgYMzSdRXqVc8xJN"",""priceUsd"":0.0022134095531556692,""valueUsd"":0.1556276898343369}"
2025-03-11 05:08:49.953+00,NULL,2025-03-11 05:13:08.297+00,NULL,382b4f53-e9fa-478f-b9fd-b2e6cce36206,9YwtWKdNczTzJHMbVdh1J3ZFWAVmYPpCPR7FwoMvZkVx,solana,BirdEye,Api,7cyBJM6mDH3FJ8P5xPSUDd3mA9C2VoJoM7KR8fidSCU9,98862.86602,0.521869302,1.22E-05,"{""address"":""7cyBJM6mDH3FJ8P5xPSUDd3mA9C2VoJoM7KR8fidSCU9"",""decimals"":6,""balance"":98862866022,""uiAmount"":98862.866022,""chainId"":""solana"",""name"":""Nasdaq"",""symbol"":""NASDAQ"",""priceUsd"":0.000012222896151141825,""valueUsd"":0.5218693022470636}"
2025-03-08 11:56:59.617+00,NULL,2025-03-08 12:00:27.564+00,NULL,04eef5f1-d610-4065-ba26-38caeea99e41,9YwtWKdNczTzJHMbVdh1J3ZFWAVmYPpCPR7FwoMvZkVx,solana,BirdEye,Api,uKdUtQhTj5Fe6A92Gd2jh5gHpgLqBUqHuyiKV6ov1va,199.49996,0.064609848,0.000323859,"{""address"":""uKdUtQhTj5Fe6A92Gd2jh5gHpgLqBUqHuyiKV6ov1va"",""decimals"":6,""balance"":199499960,""uiAmount"":199.49996,""chainId"":""solana"",""name"":""JOE ROGAN"",""symbol"":""JOE"",""icon"":""https://ipfs.io/ipfs/QmPM25n7ZsHiYMFWb8UDxMLWeDHXxt462RbWYTLG4ZBgP1"",""logoURI"":""https://ipfs.io/ipfs/QmPM25n7ZsHiYMFWb8UDxMLWeDHXxt462RbWYTLG4ZBgP1"",""priceUsd"":0.0003238589509169234,""valueUsd"":0.06460984775356818}"
2025-03-08 11:54:52.646+00,NULL,2025-03-08 12:00:16.945+00,NULL,d8cef2c0-24a8-427b-95a3-1e3b04e1eb1e,9YwtWKdNczTzJHMbVdh1J3ZFWAVmYPpCPR7FwoMvZkVx,solana,BirdEye,Api,mcFpHYGy1EU57aXmmPj7ibG4KTLzxsQnJUxaiQK7cyy,4.764873,0.096484294,0.02024908,"{""address"":""mcFpHYGy1EU57aXmmPj7ibG4KTLzxsQnJUxaiQK7cyy"",""decimals"":6,""balance"":4764873,""uiAmount"":4.764873,""chainId"":""solana"",""name"":""Ash Ketchup Coin"",""symbol"":""ASH"",""icon"":""https://ipfs.io/ipfs/QmThKofcDrgdtX7WA5g9kRyWVNfW47bZ8kEhzKJ8WnN4z7"",""logoURI"":""https://ipfs.io/ipfs/QmThKofcDrgdtX7WA5g9kRyWVNfW47bZ8kEhzKJ8WnN4z7"",""priceUsd"":0.020249079910220624,""valueUsd"":0.09648429413905267}"
2025-03-08 11:54:50.034+00,NULL,2025-03-08 11:59:31.306+00,NULL,3fa713ba-db35-4775-8a8c-828f178fc909,9YwtWKdNczTzJHMbVdh1J3ZFWAVmYPpCPR7FwoMvZkVx,solana,BirdEye,Api,X8oKjhx9JTwry4kMe6uXvQANZkcsSpCXzeMMgxvpump,376.18722,1.254683866,0.003335264,"{""address"":""X8oKjhx9JTwry4kMe6uXvQANZkcsSpCXzeMMgxvpump"",""decimals"":6,""balance"":376187220,""uiAmount"":376.18722,""chainId"":""solana"",""name"":""Zeus"",""symbol"":""ZEUS"",""icon"":""https://arweave.net/burdDUwx8vrhIVku07koC3L0eQEb4gNcDhKkYPsEtWM"",""logoURI"":""https://arweave.net/burdDUwx8vrhIVku07koC3L0eQEb4gNcDhKkYPsEtWM"",""priceUsd"":0.0033352644618412125,""valueUsd"":1.2546838658648418}"
2025-03-08 11:50:32.043+00,NULL,2025-03-08 11:54:17.177+00,NULL,b90211f0-f2d7-409e-b552-74ef134ad3b1,9YwtWKdNczTzJHMbVdh1J3ZFWAVmYPpCPR7FwoMvZkVx,solana,BirdEye,Api,WiTXqjGNkGdMyhtkkAxuecsmsdwmNaHxFN5uF2Rpump,25.04151335,0.06301042,0.002516239,"{""address"":""WiTXqjGNkGdMyhtkkAxuecsmsdwmNaHxFN5uF2Rpump"",""decimals"":9,""balance"":25041513354,""uiAmount"":25.041513354,""chainId"":""solana"",""name"":""vibecode.fun"",""symbol"":""rick"",""icon"":""https://arweave.net/9KMgPvlu0zQnCTVB_qSGql-qvl4VQZ__ZUsDfKpZXiY"",""logoURI"":""https://arweave.net/9KMgPvlu0zQnCTVB_qSGql-qvl4VQZ__ZUsDfKpZXiY"",""priceUsd"":0.002516238513801596,""valueUsd"":0.06301042034521177}"
2025-03-08 11:48:31.419+00,NULL,2025-03-08 11:58:16.279+00,NULL,232dd660-2929-4a68-83bf-600674b1ff0a,BgJrk3AJEWf41WxThAvDCkZmxuxbt3Q4aZc1P2rrHtZV,solana,BirdEye,Api,3MadWqcN9cSrULn8ikDnan9mF3znoQmBPXtVy6BfSTDB,1.00E-06,6.39E-09,0.006391049,"{""address"":""3MadWqcN9cSrULn8ikDnan9mF3znoQmBPXtVy6BfSTDB"",""decimals"":6,""balance"":1,""uiAmount"":0.000001,""chainId"":""solana"",""name"":""GrokCoin"",""symbol"":""GrokCoin"",""icon"":""https://pbs.twimg.com/profile_images/1893219113717342208/Vgg2hEPa.jpg"",""logoURI"":""https://pbs.twimg.com/profile_images/1893219113717342208/Vgg2hEPa.jpg"",""priceUsd"":0.006391048847791624,""valueUsd"":6.391048847791624e-9}"
2025-03-08 11:48:30.318+00,NULL,2025-03-08 11:58:14.8+00,NULL,c78fdcd7-adb4-497e-ab5d-0a7738ecc743,BgJrk3AJEWf41WxThAvDCkZmxuxbt3Q4aZc1P2rrHtZV,solana,BirdEye,Api,35DbhZWKFS2YN896iWDfLEj1zGC6j9PzPM6cNmZrpump,160690.9094,81.45619937,0.000506912,"{""address"":""35DbhZWKFS2YN896iWDfLEj1zGC6j9PzPM6cNmZrpump"",""decimals"":6,""balance"":160690909409,""uiAmount"":160690.909409,""chainId"":""solana"",""name"":""If She's Down, I'm Down"",""symbol"":""DOWN"",""icon"":""https://ipfs.io/ipfs/QmVUCVeE27aGoJ1fK3SWCAHeFkDGGacLaaS48GY1BeckUZ"",""logoURI"":""https://ipfs.io/ipfs/QmVUCVeE27aGoJ1fK3SWCAHeFkDGGacLaaS48GY1BeckUZ"",""priceUsd"":0.0005069123055581406,""valueUsd"":81.45619937075051}"
2025-03-08 11:41:55.371+00,NULL,2025-03-08 11:42:19.089+00,NULL,aad7662c-943f-458a-be16-90399f21806b,9YwtWKdNczTzJHMbVdh1J3ZFWAVmYPpCPR7FwoMvZkVx,solana,BirdEye,Api,jSL98XnMBSThg36zFjoc1f8zKP9bqTaVybvQL8Bpump,661.71104,2.384618041,0.003603715,"{""address"":""jSL98XnMBSThg36zFjoc1f8zKP9bqTaVybvQL8Bpump"",""decimals"":6,""balance"":661711040,""uiAmount"":661.71104,""chainId"":""solana"",""name"":""Anon Pepe"",""symbol"":""Anon"",""icon"":""https://arweave.net/Tf9t6R3SgE0cDxcQMfshFgRCnbDIQFuu62ET3GeN2go"",""logoURI"":""https://arweave.net/Tf9t6R3SgE0cDxcQMfshFgRCnbDIQFuu62ET3GeN2go"",""priceUsd"":0.003603715060956775,""valueUsd"":2.384618040849371}"
2025-03-08 11:39:46.123+00,NULL,2025-03-08 11:44:33.113+00,NULL,1297cc88-6f25-4723-aa78-27372f4c23f1,9YwtWKdNczTzJHMbVdh1J3ZFWAVmYPpCPR7FwoMvZkVx,solana,BirdEye,Api,FwegPaBoMKyppWoqYbm3QTXH5843kLLoincGq6QiMSrf,323.550303,0.16961071,0.000524217,"{""address"":""FwegPaBoMKyppWoqYbm3QTXH5843kLLoincGq6QiMSrf"",""decimals"":6,""balance"":323550303,""uiAmount"":323.550303,""chainId"":""solana"",""name"":""CatWifMoves"",""symbol"":""DancingCat"",""icon"":""https://ipfs.io/ipfs/QmaNFhwTSzkdJLV383nGoxGMhDYHW1xEmjhKd8DYx3DrJm?img-width=256&img-dpr=2&img-onerror=redirect"",""logoURI"":""https://ipfs.io/ipfs/QmaNFhwTSzkdJLV383nGoxGMhDYHW1xEmjhKd8DYx3DrJm?img-width=256&img-dpr=2&img-onerror=redirect"",""priceUsd"":0.0005242174352770144,""valueUsd"":0.1696107100217609}"
2025-03-08 11:39:43.913+00,NULL,2025-03-08 11:44:27.934+00,NULL,71a41404-c5e2-41fb-b56d-5a1de3a9fabf,9YwtWKdNczTzJHMbVdh1J3ZFWAVmYPpCPR7FwoMvZkVx,solana,BirdEye,Api,6rJcHNkhsTmA1FDVUUPzLTPyL3gEKrMfJXrZAU8netGS,38839.14148,0.449147187,1.16E-05,"{""address"":""6rJcHNkhsTmA1FDVUUPzLTPyL3gEKrMfJXrZAU8netGS"",""decimals"":9,""balance"":38839141479263,""uiAmount"":38839.141479263,""chainId"":""solana"",""name"":""Manus AI"",""symbol"":""Manus"",""icon"":""https://arweave.net/MQZCks3-VNB_-39apvzN91ZCBHP5zNGM9erelLK0ToI"",""logoURI"":""https://arweave.net/MQZCks3-VNB_-39apvzN91ZCBHP5zNGM9erelLK0ToI"",""priceUsd"":0.000011564292370828663,""valueUsd"":0.4491471874981762}"
2025-03-08 11:38:32.286+00,NULL,NULL,NULL,db075142-99c7-4cd8-b2ee-3a0421ecc257,9YwtWKdNczTzJHMbVdh1J3ZFWAVmYPpCPR7FwoMvZkVx,solana,BirdEye,Api,JDgX6iwQmq6Y5B958SQ6kMuJ43ahNAcvpvjFbJm8QHqk,57867649373,1.296128552,2.24E-11,"{""address"":""JDgX6iwQmq6Y5B958SQ6kMuJ43ahNAcvpvjFbJm8QHqk"",""decimals"":2,""balance"":5786764937283,""uiAmount"":57867649372.83,""chainId"":""solana"",""name"":""Fuck Vance"",""symbol"":""FUCKVANCE"",""icon"":""https://gateway.irys.xyz/UKPbxujY8eoYE1dhI9Igv5De4JPIKXJ9XZjqsOUytLs"",""logoURI"":""https://gateway.irys.xyz/UKPbxujY8eoYE1dhI9Igv5De4JPIKXJ9XZjqsOUytLs"",""priceUsd"":2.2398154520555903e-11,""valueUsd"":1.2961285523939963}"
2025-03-08 11:14:17.175+00,NULL,2025-03-08 11:38:29.832+00,NULL,045cb88a-3738-4558-8c70-5b2bf9c6ef04,9YwtWKdNczTzJHMbVdh1J3ZFWAVmYPpCPR7FwoMvZkVx,solana,BirdEye,Api,iyvPvbeZaU3d8iDPU1x8Wte4XX49qB5xDPUYTPVpump,770.774374,3.073078568,0.003987001,"{""address"":""iyvPvbeZaU3d8iDPU1x8Wte4XX49qB5xDPUYTPVpump"",""decimals"":6,""balance"":770774374,""uiAmount"":770.774374,""chainId"":""solana"",""name"":""BUZZ "",""symbol"":""BUZZ "",""icon"":""https://arweave.net/XkJW0criG5yndkaLVm_a7dp85ZLUXTc7F_esFaPojBs"",""logoURI"":""https://arweave.net/XkJW0criG5yndkaLVm_a7dp85ZLUXTc7F_esFaPojBs"",""priceUsd"":0.003987001478017186,""valueUsd"":3.073078568355771}"
2025-03-08 11:11:17.63+00,NULL,NULL,NULL,e301cfed-3e84-4473-9fea-668746c8e1e7,9YwtWKdNczTzJHMbVdh1J3ZFWAVmYPpCPR7FwoMvZkVx,solana,BirdEye,Api,4PA1CqyW4KwChjk369qZK911452C6YaLV6PdY3UzpsY7,5420.414393,0.261844258,4.83E-05,"{""address"":""4PA1CqyW4KwChjk369qZK911452C6YaLV6PdY3UzpsY7"",""decimals"":9,""balance"":5420414392691,""uiAmount"":5420.414392691,""chainId"":""solana"",""name"":""Manus AI"",""symbol"":""Manus"",""icon"":""https://arweave.net/MQZCks3-VNB_-39apvzN91ZCBHP5zNGM9erelLK0ToI"",""logoURI"":""https://arweave.net/MQZCks3-VNB_-39apvzN91ZCBHP5zNGM9erelLK0ToI"",""priceUsd"":0.000048307055317514685,""valueUsd"":0.2618442579115769}"
2025-03-08 11:11:13.466+00,NULL,2025-03-08 11:38:30.013+00,NULL,20bd1419-31ac-4f00-91f4-112fc3c00a67,9YwtWKdNczTzJHMbVdh1J3ZFWAVmYPpCPR7FwoMvZkVx,solana,BirdEye,Api,E3x7d3NXgEWGGfpRc3vBWrw1PHu2y15Z5hi5h7PMo5LG,547.668203,1.732290209,0.003163029,"{""address"":""E3x7d3NXgEWGGfpRc3vBWrw1PHu2y15Z5hi5h7PMo5LG"",""decimals"":6,""balance"":547668203,""uiAmount"":547.668203,""chainId"":""solana"",""name"":""Kappy"",""symbol"":""Kappy"",""icon"":""https://arweave.net/Z-qJNzJ09yzobdSgnytviwKhKoiVd4mOFXD1Nub-mN4"",""logoURI"":""https://arweave.net/Z-qJNzJ09yzobdSgnytviwKhKoiVd4mOFXD1Nub-mN4"",""priceUsd"":0.003163028635312862,""valueUsd"":1.7322902087393373}"
2025-03-08 11:06:31.129+00,NULL,NULL,NULL,4b2f9d81-6818-4522-aebd-69cdffe306fa,9YwtWKdNczTzJHMbVdh1J3ZFWAVmYPpCPR7FwoMvZkVx,solana,BirdEye,Api,UAKjncMh9B9zjMpBN8w99QHs1VaDwUyvjYFvpRepump,21.0092549,0.722866064,0.03440703,"{""address"":""UAKjncMh9B9zjMpBN8w99QHs1VaDwUyvjYFvpRepump"",""decimals"":7,""balance"":210092549,""uiAmount"":21.0092549,""chainId"":""solana"",""name"":""When he stillðŸ¥€ðŸ’”ðŸ˜”"",""symbol"":""whenhe"",""icon"":""https://arweave.net/PdnN_CM-A6ZuquwneOnn_YT-2YyQ0CgNqQc31C3U-8c"",""logoURI"":""https://arweave.net/PdnN_CM-A6ZuquwneOnn_YT-2YyQ0CgNqQc31C3U-8c"",""priceUsd"":0.0344070300133045,""valueUsd"":0.7228660639014646}"
2025-03-08 11:04:53.449+00,NULL,2025-03-08 12:00:29.055+00,NULL,b7a66ac7-1075-4166-aed7-182f8c45c7be,9YwtWKdNczTzJHMbVdh1J3ZFWAVmYPpCPR7FwoMvZkVx,solana,BirdEye,Api,7hfxbHL5WTWAUacxSVzhG7RnfWtyLQjji35SnHjfMLXk,0.363792,0.063216763,0.173771723,"{""address"":""7hfxbHL5WTWAUacxSVzhG7RnfWtyLQjji35SnHjfMLXk"",""decimals"":6,""balance"":363792,""uiAmount"":0.363792,""chainId"":""solana"",""name"":""Pi Network"",""symbol"":""PI"",""icon"":""https://gateway.pinata.cloud/ipfs/QmQDYA2py5F2DV9rXHikiwRwcBrNFzTvXPyauNAhPyaEii"",""logoURI"":""https://gateway.pinata.cloud/ipfs/QmQDYA2py5F2DV9rXHikiwRwcBrNFzTvXPyauNAhPyaEii"",""priceUsd"":0.17377172341592487,""valueUsd"":0.06321676280492614}"
2025-03-08 11:04:23.124+00,NULL,2025-03-08 11:06:36.835+00,NULL,b31ae349-8a35-4cbb-a4cf-383ab934ba0d,9YwtWKdNczTzJHMbVdh1J3ZFWAVmYPpCPR7FwoMvZkVx,solana,BirdEye,Api,GK5Etxi9N3oMBYQhVSmSktZZYGUnNiMvqGsNVYhKzVyG,2205.895857,0.407706918,0.000184826,"{""address"":""GK5Etxi9N3oMBYQhVSmSktZZYGUnNiMvqGsNVYhKzVyG"",""decimals"":9,""balance"":2205895856683,""uiAmount"":2205.895856683,""chainId"":""solana"",""name"":""Ghost RYDER"",""symbol"":""RAYSDER"",""icon"":""https://ipfs.io/ipfs/QmZxR8mPozFeDJkHvkkyYevPod5GbBmiRXrdio16v2v5hg"",""logoURI"":""https://ipfs.io/ipfs/QmZxR8mPozFeDJkHvkkyYevPod5GbBmiRXrdio16v2v5hg"",""priceUsd"":0.00018482600455573632,""valueUsd"":0.407706917656772}"
2025-03-08 11:04:19.203+00,NULL,2025-03-08 11:38:29.793+00,NULL,dcaa56a4-4ce3-494b-908f-decd058e6e3c,9YwtWKdNczTzJHMbVdh1J3ZFWAVmYPpCPR7FwoMvZkVx,solana,BirdEye,Api,G2akEzr382HcSR6p5gTsnaAaBgqPonAmFb6itHTqKuk5,381.086103,3.567905649,0.009362466,"{""address"":""G2akEzr382HcSR6p5gTsnaAaBgqPonAmFb6itHTqKuk5"",""decimals"":6,""balance"":381086103,""uiAmount"":381.086103,""chainId"":""solana"",""name"":""Dynamic"",""symbol"":""Dynamic"",""icon"":""https://pump.mypinata.cloud/ipfs/QmQ2zs1bCLkoDmtymHYkYjS4xsjXp3ZzzYmS47gDPKgGKJ?img-width=256&img-dpr=2&img-onerror=redirect"",""logoURI"":""https://pump.mypinata.cloud/ipfs/QmQ2zs1bCLkoDmtymHYkYjS4xsjXp3ZzzYmS47gDPKgGKJ?img-width=256&img-dpr=2&img-onerror=redirect"",""priceUsd"":0.009362465913062373,""valueUsd"":3.5679056492792762}"
2025-03-08 11:04:18.556+00,NULL,2025-03-08 11:06:10.578+00,NULL,11848640-98a0-4559-862a-8de6df3f84a9,9YwtWKdNczTzJHMbVdh1J3ZFWAVmYPpCPR7FwoMvZkVx,solana,BirdEye,Api,8hNzWstZQqmgxuQwPbAgsNJrya188xdRANkCYFA2T22B,304.426232,7.297077304,0.023969936,"{""address"":""8hNzWstZQqmgxuQwPbAgsNJrya188xdRANkCYFA2T22B"",""decimals"":6,""balance"":304426232,""uiAmount"":304.426232,""chainId"":""solana"",""name"":""Useless meme coins"",""symbol"":""Useless"",""icon"":""https://pump.mypinata.cloud/ipfs/QmZUwzP3SwLweY5nTWkUjU5sDGMYowUCPMfpv8be5rFNcn?img-width=256&img-dpr=2&img-onerror=redirect"",""logoURI"":""https://pump.mypinata.cloud/ipfs/QmZUwzP3SwLweY5nTWkUjU5sDGMYowUCPMfpv8be5rFNcn?img-width=256&img-dpr=2&img-onerror=redirect"",""priceUsd"":0.02396993602184858,""valueUsd"":7.297077304412434}"
2025-03-08 11:04:11.932+00,NULL,2025-03-08 11:06:16.605+00,NULL,95e3b596-20e3-4194-bc0e-e03c737334a9,9YwtWKdNczTzJHMbVdh1J3ZFWAVmYPpCPR7FwoMvZkVx,solana,BirdEye,Api,X5ja52mgdrxYPc4R9c5S7qaKkJNR38GwmAtvxBRpump,380.226122,2.357721773,0.006200841,"{""address"":""X5ja52mgdrxYPc4R9c5S7qaKkJNR38GwmAtvxBRpump"",""decimals"":6,""balance"":380226122,""uiAmount"":380.226122,""chainId"":""solana"",""name"":""Onchain Gaming Labs"",""symbol"":""OGL"",""icon"":""https://arweave.net/Rvgb_eww-lzBzMxucSGjasYmrq3Hy43QFIm4w8xGb7Y"",""logoURI"":""https://arweave.net/Rvgb_eww-lzBzMxucSGjasYmrq3Hy43QFIm4w8xGb7Y"",""priceUsd"":0.006200841121713933,""valueUsd"":2.3577217728474182}"
2025-03-08 10:51:17.607+00,NULL,NULL,NULL,5e6a7acb-9873-4e2b-8787-5069fc3c6b4e,9GZY9FJCTQqn1DDTDVZwBSbdXigM2KejsrZL8qDgXcMC,solana,BirdEye,Api,H2NzCW83X9fR2uZinofDm99diDPL2DrXfzeD1iGVJytw,10000,0.056307905,5.63E-06,"{""address"":""H2NzCW83X9fR2uZinofDm99diDPL2DrXfzeD1iGVJytw"",""decimals"":6,""balance"":10000000000,""uiAmount"":10000,""chainId"":""solana"",""name"":""WOMEN"",""symbol"":""WOMEN"",""icon"":""https://ipfs.io/ipfs/Qmery6MHh19n4hbdSbxtNgVdFrxL29X4k3as1Rew5Ud71q"",""logoURI"":""https://ipfs.io/ipfs/Qmery6MHh19n4hbdSbxtNgVdFrxL29X4k3as1Rew5Ud71q"",""priceUsd"":0.000005630790471032179,""valueUsd"":0.05630790471032179}"
2025-03-08 10:51:15.71+00,NULL,NULL,NULL,843ac04d-fa3f-4d20-9da7-1a16919c6bd8,9GZY9FJCTQqn1DDTDVZwBSbdXigM2KejsrZL8qDgXcMC,solana,BirdEye,Api,FzQSifkbsDgUkw1KZgrrJoi6YMAy5kk4V5YEpVceyzPa,7624.4,2.844397323,0.001290731,"{""address"":""FzQSifkbsDgUkw1KZgrrJoi6YMAy5kk4V5YEpVceyzPa"",""decimals"":9,""balance"":7624400000000,""uiAmount"":7624.4,""chainId"":""solana"",""name"":""FIFA Coin"",""symbol"":""FC"",""icon"":""https://gateway.irys.xyz/b72x554cmOZjXn1VQClywQt6ORpTgpT_o6_Sr2b-SkA"",""logoURI"":""https://gateway.irys.xyz/b72x554cmOZjXn1VQClywQt6ORpTgpT_o6_Sr2b-SkA"",""priceUsd"":0.001290730852642482,""valueUsd"":2.8443973226195998}"
2025-03-08 10:47:39.259+00,NULL,2025-03-08 10:49:22.857+00,NULL,0ede2f58-a9b7-4645-b06a-5417ac95b27e,9YwtWKdNczTzJHMbVdh1J3ZFWAVmYPpCPR7FwoMvZkVx,solana,BirdEye,Api,ij3MCastxj7VAkgz91mC2r5QrYiu1MqQPob1B69pump,605.023861,4.479630446,0.007404056,"{""address"":""ij3MCastxj7VAkgz91mC2r5QrYiu1MqQPob1B69pump"",""decimals"":6,""balance"":605023861,""uiAmount"":605.023861,""chainId"":""solana"",""name"":""BIG"",""symbol"":""BIG"",""icon"":""https://arweave.net/L6RBzzNAP-lIeOTdO_sZlVNIdQoCZ0Ma5drvsBpyuis"",""logoURI"":""https://arweave.net/L6RBzzNAP-lIeOTdO_sZlVNIdQoCZ0Ma5drvsBpyuis"",""priceUsd"":0.007404055831922759,""valueUsd"":4.479630446489475}"
2025-03-08 10:43:48.358+00,NULL,2025-03-08 10:45:47.179+00,NULL,568939b9-338c-42b3-99f7-3c2de37079fa,9YwtWKdNczTzJHMbVdh1J3ZFWAVmYPpCPR7FwoMvZkVx,solana,BirdEye,Api,fXkE1KBp1yHP9GUdkzaNAivYyWn54z6JrRJ9nyjpump,23.00282744,3.264319528,0.141909491,"{""address"":""fXkE1KBp1yHP9GUdkzaNAivYyWn54z6JrRJ9nyjpump"",""decimals"":9,""balance"":23002827436,""uiAmount"":23.002827436,""chainId"":""solana"",""name"":""FIFACOIN"",""symbol"":""FIFA"",""icon"":""https://arweave.net/tSH9wUJIT5_kLHZLmHDPuBjrMKb2AGwuIkAZT-nuo4o"",""logoURI"":""https://arweave.net/tSH9wUJIT5_kLHZLmHDPuBjrMKb2AGwuIkAZT-nuo4o"",""priceUsd"":0.14190949080410808,""valueUsd"":3.264319528497527}"
2025-03-08 10:35:34.569+00,NULL,2025-03-08 10:45:46.199+00,NULL,fe30752a-4067-4bdc-9687-b5c99f506d99,9YwtWKdNczTzJHMbVdh1J3ZFWAVmYPpCPR7FwoMvZkVx,solana,BirdEye,Api,2GSKUaSwa6ov9ABgVG4vVzaQfH9RE6y5htqYPetGsQSk,29993.52418,242.0292152,0.008069382,"{""address"":""2GSKUaSwa6ov9ABgVG4vVzaQfH9RE6y5htqYPetGsQSk"",""decimals"":6,""balance"":29993524182,""uiAmount"":29993.524182,""chainId"":""solana"",""name"":""Silas"",""symbol"":""Silas"",""icon"":""https://pump.mypinata.cloud/ipfs/QmfZX1GDyAMdCGqXpUovEtsXWwPybcrP4i5QvhmJFY3UNa?img-width=256&img-dpr=2&img-onerror=redirect"",""logoURI"":""https://pump.mypinata.cloud/ipfs/QmfZX1GDyAMdCGqXpUovEtsXWwPybcrP4i5QvhmJFY3UNa?img-width=256&img-dpr=2&img-onerror=redirect"",""priceUsd"":0.008069382366934885,""valueUsd"":242.02921515646588}"
2025-03-08 10:31:41.814+00,NULL,2025-03-08 10:39:25.652+00,NULL,13132f67-d924-431b-956a-7277d7dd5948,9YwtWKdNczTzJHMbVdh1J3ZFWAVmYPpCPR7FwoMvZkVx,solana,BirdEye,Api,3QirVEShaT2tYouft1phbMyemzMsASTg7AwF21hEC2Eb,8833.691248,0.268144689,3.04E-05,"{""address"":""3QirVEShaT2tYouft1phbMyemzMsASTg7AwF21hEC2Eb"",""decimals"":9,""balance"":8833691248092,""uiAmount"":8833.691248092,""chainId"":""solana"",""name"":""Manus AI"",""symbol"":""Manus"",""icon"":""https://arweave.net/MQZCks3-VNB_-39apvzN91ZCBHP5zNGM9erelLK0ToI"",""logoURI"":""https://arweave.net/MQZCks3-VNB_-39apvzN91ZCBHP5zNGM9erelLK0ToI"",""priceUsd"":0.00003035477261272511,""valueUsd"":0.2681446891668525}"
2025-03-08 10:26:24.558+00,NULL,2025-03-08 10:38:27.396+00,NULL,134eac07-1239-421d-8bd7-dea74584f88c,9YwtWKdNczTzJHMbVdh1J3ZFWAVmYPpCPR7FwoMvZkVx,solana,BirdEye,Api,2rRZXbPJmDCSBGNRAgQDnt8wSjstDNn5XhRxtoj9XNSR,1457.225863,776.010876,0.532526148,"{""address"":""2rRZXbPJmDCSBGNRAgQDnt8wSjstDNn5XhRxtoj9XNSR"",""decimals"":6,""balance"":1457225863,""uiAmount"":1457.225863,""chainId"":""solana"",""name"":""BUM DOG"",""symbol"":""BUM"",""icon"":null,""logoURI"":null,""priceUsd"":0.5325261482576725,""valueUsd"":776.0108759648527}"
2025-03-08 10:24:34.458+00,NULL,2025-03-08 10:25:33.787+00,NULL,adbf8054-557b-4f23-b3e0-564a7c4310a1,9YwtWKdNczTzJHMbVdh1J3ZFWAVmYPpCPR7FwoMvZkVx,solana,BirdEye,Api,4jvagZWoosikmGyR67dwhN3tvRj8TbpjAfzPT33SS1fP,393.66852,3.613492268,0.009179023,"{""address"":""4jvagZWoosikmGyR67dwhN3tvRj8TbpjAfzPT33SS1fP"",""decimals"":6,""balance"":393668520,""uiAmount"":393.66852,""chainId"":""solana"",""name"":""Pussy Cat"",""symbol"":""PUSSY"",""icon"":""https://ipfs.io/ipfs/QmUSV2qM13k6XxmjazTxg29GNbwAv8R85RPyrCrWGXBYm8?img-width=256&img-dpr=2&img-onerror=redirect"",""logoURI"":""https://ipfs.io/ipfs/QmUSV2qM13k6XxmjazTxg29GNbwAv8R85RPyrCrWGXBYm8?img-width=256&img-dpr=2&img-onerror=redirect"",""priceUsd"":0.009179022665279982,""valueUsd"":3.613492267687226}"
2025-03-08 10:23:25.206+00,NULL,2025-03-08 10:25:42.909+00,NULL,154fb179-4c41-4f41-9e10-37d9726e05d3,9YwtWKdNczTzJHMbVdh1J3ZFWAVmYPpCPR7FwoMvZkVx,solana,BirdEye,Api,FYcKiMHNiXfncPcU4HZkR4FYQN11Y7EPpiisd6Zpump,581.923366,1.56308797,0.002686072,"{""address"":""FYcKiMHNiXfncPcU4HZkR4FYQN11Y7EPpiisd6Zpump"",""decimals"":6,""balance"":581923366,""uiAmount"":581.923366,""chainId"":""solana"",""name"":""Chainsaw for bureaucracy"",""symbol"":""Chainsaw"",""icon"":""https://arweave.net/dvoX068H1OcVZ7ySW4B9Aas4-2R2J6VEn7aL8xLTdGA"",""logoURI"":""https://arweave.net/dvoX068H1OcVZ7ySW4B9Aas4-2R2J6VEn7aL8xLTdGA"",""priceUsd"":0.0026860718465308246,""valueUsd"":1.5630879702510527}"
2025-03-08 10:23:10.431+00,NULL,2025-03-08 10:38:54.546+00,NULL,7b0b9941-8aee-446a-a844-89a9efee83d8,9YwtWKdNczTzJHMbVdh1J3ZFWAVmYPpCPR7FwoMvZkVx,solana,BirdEye,Api,3g1ZutbP9EE91Tfn3pJ5aNxyLjd3vY3ARUNPoeompump,52.851519,2.441768837,0.046200542,"{""address"":""3g1ZutbP9EE91Tfn3pJ5aNxyLjd3vY3ARUNPoeompump"",""decimals"":6,""balance"":52851519,""uiAmount"":52.851519,""chainId"":""solana"",""name"":""the fuggler doll "",""symbol"":""gilbert"",""icon"":""https://ipfs.io/ipfs/QmQNqEQdX3jJkLFtAnWqhd3tb4k12YRnfrxMixmSFiG6xn"",""logoURI"":""https://ipfs.io/ipfs/QmQNqEQdX3jJkLFtAnWqhd3tb4k12YRnfrxMixmSFiG6xn"",""priceUsd"":0.04620054226818771,""valueUsd"":2.4417688374974262}"
2025-03-08 10:21:38.124+00,NULL,NULL,NULL,79ee65b6-1c6a-4599-8b62-2981ba718189,3wi8waD5A64D7PLutUYJdhMcrYvDBTqeh3CRFgv1hFtY,solana,BirdEye,Api,2VKBwYWzUbCUt8whqe3iA8TafXrMeE9MaLHcXqSrpump,93641.00669,48.64311983,0.000519464,"{""address"":""2VKBwYWzUbCUt8whqe3iA8TafXrMeE9MaLHcXqSrpump"",""decimals"":6,""balance"":93641006685,""uiAmount"":93641.006685,""chainId"":""solana"",""name"":""bread"",""symbol"":""bread"",""icon"":""https://ipfs.io/ipfs/QmbJua12W8FtHQVGBbf9iCWZPL1Rs5HCh2vhaHB7j2C7UF"",""logoURI"":""https://ipfs.io/ipfs/QmbJua12W8FtHQVGBbf9iCWZPL1Rs5HCh2vhaHB7j2C7UF"",""priceUsd"":0.0005194638711513647,""valueUsd"":48.64311983110092}"
2025-03-08 10:21:30.47+00,NULL,NULL,NULL,faef0a05-a878-4ad0-bd0f-240e2ae6fbf7,3wi8waD5A64D7PLutUYJdhMcrYvDBTqeh3CRFgv1hFtY,solana,BirdEye,Api,9yoQAydkRqAjoM6A1dcizEMbhQ2exbk6NJMXD174pump,13117512.99,52.98361187,4.04E-06,"{""address"":""9yoQAydkRqAjoM6A1dcizEMbhQ2exbk6NJMXD174pump"",""decimals"":6,""balance"":13117512994280,""uiAmount"":13117512.99428,""chainId"":""solana"",""name"":""DoodleCoin"",""symbol"":""DoodleCoin"",""icon"":""https://ipfs.io/ipfs/QmRs2jfFNFSc2rjGu8ThEs6SBDi5eNHAHfTAEKqsTNAjU2"",""logoURI"":""https://ipfs.io/ipfs/QmRs2jfFNFSc2rjGu8ThEs6SBDi5eNHAHfTAEKqsTNAjU2"",""priceUsd"":0.000004039150706177873,""valueUsd"":52.98361187414348}"
2025-03-08 10:20:51.232+00,NULL,NULL,NULL,aa57fee6-c9f0-4599-bd0a-55c57e579515,3wi8waD5A64D7PLutUYJdhMcrYvDBTqeh3CRFgv1hFtY,solana,BirdEye,Api,GsHVzZw71ha1D2bP3ze9to3mM91orBUZo7UYSJGLpump,2892304.285,139.7639246,4.83E-05,"{""address"":""GsHVzZw71ha1D2bP3ze9to3mM91orBUZo7UYSJGLpump"",""decimals"":6,""balance"":2892304285233,""uiAmount"":2892304.285233,""chainId"":""solana"",""name"":""GrokOut"",""symbol"":""GROKOUT"",""icon"":""https://ipfs.io/ipfs/QmNYBQHUPB4RkRHRsfHKv44pchkqvDFhc62Sjesjjpu8JT"",""logoURI"":""https://ipfs.io/ipfs/QmNYBQHUPB4RkRHRsfHKv44pchkqvDFhc62Sjesjjpu8JT"",""priceUsd"":0.000048322690445483694,""valueUsd"":139.76392464946022}"
2025-03-08 10:20:48.351+00,NULL,NULL,NULL,3a0f332f-6f2c-4fac-a301-1ef3fe1eeeb8,3wi8waD5A64D7PLutUYJdhMcrYvDBTqeh3CRFgv1hFtY,solana,BirdEye,Api,7cavUjj6DNB1cYQBSvo2ZExJoQDdtiHqYysSLM8Fpump,7665041.724,194.7689741,2.54E-05,"{""address"":""7cavUjj6DNB1cYQBSvo2ZExJoQDdtiHqYysSLM8Fpump"",""decimals"":6,""balance"":7665041723983,""uiAmount"":7665041.723983,""chainId"":""solana"",""name"":""elon musk's pet fish"",""symbol"":""eric"",""icon"":""https://ipfs.io/ipfs/QmdVJUuAZCUo9wiwgnA7Ryh3hAX1BWUcesLi1V48svczXW"",""logoURI"":""https://ipfs.io/ipfs/QmdVJUuAZCUo9wiwgnA7Ryh3hAX1BWUcesLi1V48svczXW"",""priceUsd"":0.000025410034430691116,""valueUsd"":194.768974119092}"
2025-03-08 10:17:52.17+00,NULL,2025-03-11 05:12:09.964+00,NULL,010c4c3b-459f-4fb2-87ae-379ec650b1a0,C4nYJX8RS9PwNZt3UywgbWSTMePAXTWSJELpQU1Y9k8T,solana,BirdEye,Api,G6KqKM5sVMEYTUh3b55xVf5PaGpBEcpRGxL7XWSrTYEf,3019.7264,3.486426602,0.009099226,"{""address"":""G6KqKM5sVMEYTUh3b55xVf5PaGpBEcpRGxL7XWSrTYEf"",""decimals"":6,""balance"":3019726400,""uiAmount"":3019.7264,""chainId"":""solana"",""name"":""MAKE AI"",""symbol"":""MAI"",""icon"":""https://ipfs.io/ipfs/QmZobHSEFKmUBRBpTBCGeo5uULvNX76Q4SvKkUfRnA5oj2"",""logoURI"":""https://ipfs.io/ipfs/QmZobHSEFKmUBRBpTBCGeo5uULvNX76Q4SvKkUfRnA5oj2"",""priceUsd"":0.009099226165867943,""valueUsd"":3.48642660169368}"
2025-03-08 10:16:41.409+00,NULL,2025-03-11 05:11:44.432+00,NULL,7e9fcf11-ea56-43ca-ac71-bfb78ef55675,C4nYJX8RS9PwNZt3UywgbWSTMePAXTWSJELpQU1Y9k8T,solana,BirdEye,Api,2wgczMhLi584bsscJX5Hg2xEZPNzA8Zsz9Huzt1bvJgL,13549.74486,81.3635628,0.012798477,"{""address"":""2wgczMhLi584bsscJX5Hg2xEZPNzA8Zsz9Huzt1bvJgL"",""decimals"":6,""balance"":13549744857,""uiAmount"":13549.744857,""chainId"":""solana"",""name"":""Grokâ€‹â€‹CÎ¿in"",""symbol"":""GrokCÎ¿in"",""icon"":""https://gateway.irys.xyz/BWjyiafJsRn71XZNJjNgdmRTLtaGqM7O4dMrIuHjXls"",""logoURI"":""https://gateway.irys.xyz/BWjyiafJsRn71XZNJjNgdmRTLtaGqM7O4dMrIuHjXls"",""priceUsd"":0.012798476981274001,""valueUsd"":81.3635628006009}"
2025-03-08 10:14:48.152+00,NULL,NULL,NULL,7f9fc475-6fce-4895-ab13-200ebcbe2ee9,9YwtWKdNczTzJHMbVdh1J3ZFWAVmYPpCPR7FwoMvZkVx,solana,BirdEye,Api,9jDzh1o2D4h2b8NoA6EugYxRyk9pmcaCu6jkvCpxuREq,884.067756,0.411164894,0.000465083,"{""address"":""9jDzh1o2D4h2b8NoA6EugYxRyk9pmcaCu6jkvCpxuREq"",""decimals"":6,""balance"":884067756,""uiAmount"":884.067756,""chainId"":""solana"",""name"":""Miracle AI"",""symbol"":""MiraAI"",""icon"":""https://ipfs.io/ipfs/QmatTNjKUMTAxfKM4q4mbgbQAqAyi8um934bAn4p9J595f"",""logoURI"":""https://ipfs.io/ipfs/QmatTNjKUMTAxfKM4q4mbgbQAqAyi8um934bAn4p9J595f"",""priceUsd"":0.0004650830107051661,""valueUsd"":0.4111648936278402}"
2025-03-08 10:14:36.213+00,NULL,NULL,NULL,e17b04ef-c5e4-4e9b-ac10-d69b1343ad07,9YwtWKdNczTzJHMbVdh1J3ZFWAVmYPpCPR7FwoMvZkVx,solana,BirdEye,Api,WRSiPD38CmCbai9A7ybbqvprAkTARy88h4oRHMJpump,332.499778,2.273664301,0.006838093,"{""address"":""WRSiPD38CmCbai9A7ybbqvprAkTARy88h4oRHMJpump"",""decimals"":6,""balance"":332499778,""uiAmount"":332.499778,""chainId"":""solana"",""name"":""AntiShifty"",""symbol"":""ANTY "",""icon"":""https://arweave.net/h0DnP0rIwoaL11YUQKWRR7p103inG4EnRwwbNAFsKpg"",""logoURI"":""https://arweave.net/h0DnP0rIwoaL11YUQKWRR7p103inG4EnRwwbNAFsKpg"",""priceUsd"":0.006838092687880704,""valueUsd"":2.2736643006637576}"
2025-03-08 10:12:55.592+00,NULL,2025-03-08 12:00:10.638+00,NULL,8c396658-8c3b-4f38-a92a-d0e1baad3653,9YwtWKdNczTzJHMbVdh1J3ZFWAVmYPpCPR7FwoMvZkVx,solana,BirdEye,Api,BiGieNJPe3TPfogUsdp6gRac6gaF1z9dpdEkHNmfavQD,17778987004,0.108361289,6.09E-12,"{""address"":""BiGieNJPe3TPfogUsdp6gRac6gaF1z9dpdEkHNmfavQD"",""decimals"":2,""balance"":1777898700391,""uiAmount"":17778987003.91,""chainId"":""solana"",""name"":""GROK VANCE"",""symbol"":""GROKVANCE"",""icon"":""https://gateway.irys.xyz/P1UWLTBsHSikizkup3GIu6xzWzs5cNkKPhxK0KmmsfM"",""logoURI"":""https://gateway.irys.xyz/P1UWLTBsHSikizkup3GIu6xzWzs5cNkKPhxK0KmmsfM"",""priceUsd"":6.094907923022606e-12,""valueUsd"":0.108361288753447}"
2025-03-08 10:12:52.196+00,NULL,2025-03-08 10:15:34.276+00,NULL,ae9ed0c5-cdfa-4e7e-8e7e-cfaeef086dff,9YwtWKdNczTzJHMbVdh1J3ZFWAVmYPpCPR7FwoMvZkVx,solana,BirdEye,Api,4aQuvH7Ce6XxtyRnnadiFk8rz9sfHdFovPaBQxLoWjXd,12496.61234,0.087226511,6.98E-06,"{""address"":""4aQuvH7Ce6XxtyRnnadiFk8rz9sfHdFovPaBQxLoWjXd"",""decimals"":9,""balance"":12496612339575,""uiAmount"":12496.612339575,""chainId"":""solana"",""name"":""Manus AI"",""symbol"":""Manus"",""icon"":""https://arweave.net/MQZCks3-VNB_-39apvzN91ZCBHP5zNGM9erelLK0ToI"",""logoURI"":""https://arweave.net/MQZCks3-VNB_-39apvzN91ZCBHP5zNGM9erelLK0ToI"",""priceUsd"":0.000006980012551661233,""valueUsd"":0.08722651098347815}"
2025-03-08 10:12:39.309+00,NULL,2025-03-11 05:13:07.391+00,NULL,2568b8aa-f840-47a8-8609-cf64952bd9e0,9YwtWKdNczTzJHMbVdh1J3ZFWAVmYPpCPR7FwoMvZkVx,solana,BirdEye,Api,GRVNo4WAFKN9pa847jiHmMGhoCUXMdCKNDhaxGBWU69T,35255.40198,0.89528179,0.019096798,"{""address"":""GRVNo4WAFKN9pa847jiHmMGhoCUXMdCKNDhaxGBWU69T"",""decimals"":9,""balance"":35255401981000,""uiAmount"":35255.401981,""chainId"":""solana"",""name"":""Magnetix"",""symbol"":""MAG"",""icon"":""https://ipfs.io/ipfs/QmTQCV7bEPGgzjqDcKwsBUkEL44BPy34jpVA4iJEwc5ebs"",""logoURI"":""https://ipfs.io/ipfs/QmTQCV7bEPGgzjqDcKwsBUkEL44BPy34jpVA4iJEwc5ebs"",""priceUsd"":0.019096798304775134,""valueUsd"":0.8952817896999}"
2025-03-08 10:12:35.537+00,NULL,2025-03-08 10:14:36.234+00,NULL,58a06701-095f-4439-a7b1-f4877278a218,9YwtWKdNczTzJHMbVdh1J3ZFWAVmYPpCPR7FwoMvZkVx,solana,BirdEye,Api,EvFPPcWSaZ1AtPh8kg7d6d53YBwZeFL1ZuKKoseN3cvn,514.49769,1.699738183,0.003303685,"{""address"":""EvFPPcWSaZ1AtPh8kg7d6d53YBwZeFL1ZuKKoseN3cvn"",""decimals"":6,""balance"":514497690,""uiAmount"":514.49769,""chainId"":""solana"",""name"":""BUBO"",""symbol"":""BUBO"",""icon"":""https://pump.mypinata.cloud/ipfs/QmVwQZivxxQ82L9fLK85suzpVhH1Nh5xUyAFAL6UTqaCNF?img-width=256&img-dpr=2&img-onerror=redirect"",""logoURI"":""https://pump.mypinata.cloud/ipfs/QmVwQZivxxQ82L9fLK85suzpVhH1Nh5xUyAFAL6UTqaCNF?img-width=256&img-dpr=2&img-onerror=redirect"",""priceUsd"":0.003303684770311271,""valueUsd"":1.6997381828133296}"
2025-03-08 10:12:33.807+00,NULL,2025-03-11 05:13:04.793+00,NULL,0de33431-4dfa-4eed-9aca-74a6dda50e0e,9YwtWKdNczTzJHMbVdh1J3ZFWAVmYPpCPR7FwoMvZkVx,solana,BirdEye,Api,9tstENVbovK3bV3NrUM7JRY8doJ5b8gguaegrofVK9WE,114943.5236,2.634098564,0.00026578,"{""address"":""9tstENVbovK3bV3NrUM7JRY8doJ5b8gguaegrofVK9WE"",""decimals"":9,""balance"":114943523581019,""uiAmount"":114943.523581019,""chainId"":""solana"",""name"":""YANA"",""symbol"":""YANA"",""icon"":""https://ipfs.io/ipfs/QmSs2jRMxZPUqkiPMZEZEvQav2r72sWU1qJpKMxcu3V7X1"",""logoURI"":""https://ipfs.io/ipfs/QmSs2jRMxZPUqkiPMZEZEvQav2r72sWU1qJpKMxcu3V7X1"",""priceUsd"":0.00026578036005828225,""valueUsd"":2.634098564087258}"
2025-03-08 10:12:32.5+00,NULL,2025-03-08 10:14:34.215+00,NULL,b9c843cf-48fb-47f1-ac8e-5a2e62707897,9YwtWKdNczTzJHMbVdh1J3ZFWAVmYPpCPR7FwoMvZkVx,solana,BirdEye,Api,FKNCnxDd7e1qWmrNVe2FTK6nNiYczfJJdn4JBkopump,547.41855,5.906793511,0.010790269,"{""address"":""FKNCnxDd7e1qWmrNVe2FTK6nNiYczfJJdn4JBkopump"",""decimals"":6,""balance"":547418550,""uiAmount"":547.41855,""chainId"":""solana"",""name"":""WORKIE | CTO"",""symbol"":""WORKIE"",""icon"":""https://arweave.net/BcbMuxCmUyJcJf3naWmRPc0nqq1gOSyE1teKsiYtyng"",""logoURI"":""https://arweave.net/BcbMuxCmUyJcJf3naWmRPc0nqq1gOSyE1teKsiYtyng"",""priceUsd"":0.010790269184690877,""valueUsd"":5.906793511193162}"
2025-03-08 10:11:57.664+00,NULL,2025-03-11 05:11:15.659+00,NULL,018b65a9-19c7-4f78-ba59-7ad19a06aa9b,CEEXTqHaqbVriXoW4uvdaPShkMaHg9AWnFXLS1nS887C,solana,BirdEye,Api,2wgczMhLi584bsscJX5Hg2xEZPNzA8Zsz9Huzt1bvJgL,13121.73097,81.3635628,0.012798477,"{""address"":""2wgczMhLi584bsscJX5Hg2xEZPNzA8Zsz9Huzt1bvJgL"",""decimals"":6,""balance"":13121730974,""uiAmount"":13121.730974,""chainId"":""solana"",""name"":""Grokâ€‹â€‹CÎ¿in"",""symbol"":""GrokCÎ¿in"",""icon"":""https://gateway.irys.xyz/BWjyiafJsRn71XZNJjNgdmRTLtaGqM7O4dMrIuHjXls"",""logoURI"":""https://gateway.irys.xyz/BWjyiafJsRn71XZNJjNgdmRTLtaGqM7O4dMrIuHjXls"",""priceUsd"":0.012798476981274001,""valueUsd"":81.3635628006009}"
2025-03-07 13:14:39.846+00,NULL,NULL,NULL,0a50a0d9-ed58-4ecf-991a-3f61d982b62f,9YwtWKdNczTzJHMbVdh1J3ZFWAVmYPpCPR7FwoMvZkVx,solana,BirdEye,Api,9hDj7pfRDywgKgGNe1rWQzhbHpMarxt3gRPR5Un73Dui,0.153438,0.056646317,0.369180497,"{""address"":""9hDj7pfRDywgKgGNe1rWQzhbHpMarxt3gRPR5Un73Dui"",""decimals"":6,""balance"":153438,""uiAmount"":0.153438,""chainId"":""solana"",""name"":""Morphy AI"",""symbol"":""MORPHY"",""icon"":""https://dd.dexscreener.com/ds-data/tokens/solana/A4YqMzv5VFr2YhtrEf5S14bq2GVxY8Gdmve3XJQvwmBA.png?size=lg&key=d417bd"",""logoURI"":""https://dd.dexscreener.com/ds-data/tokens/solana/A4YqMzv5VFr2YhtrEf5S14bq2GVxY8Gdmve3XJQvwmBA.png?size=lg&key=d417bd"",""priceUsd"":0.36918049676433135,""valueUsd"":0.05664631706252547}"
2025-03-07 13:08:32.701+00,NULL,2025-03-07 13:10:14.455+00,NULL,d8f76833-8c59-42c0-90f6-ebe0518e8270,9YwtWKdNczTzJHMbVdh1J3ZFWAVmYPpCPR7FwoMvZkVx,solana,BirdEye,Api,BY1b2p56sgPoLAAFWwSAubdbWfart6rRv37Mt8CT7TeR,1348.97424,82.3644722,0.061057113,"{""address"":""BY1b2p56sgPoLAAFWwSAubdbWfart6rRv37Mt8CT7TeR"",""decimals"":9,""balance"":1348974239641,""uiAmount"":1348.974239641,""chainId"":""solana"",""name"":""CryptoChaosBot"",""symbol"":""CCB"",""icon"":""https://arweave.net/XR3WusmBdg-fc4xzMuEW5Se3KTlPeYXmP90eLwAjOAs"",""logoURI"":""https://arweave.net/XR3WusmBdg-fc4xzMuEW5Se3KTlPeYXmP90eLwAjOAs"",""priceUsd"":0.06105711271447837,""valueUsd"":82.36447219868829}"
2025-03-07 13:05:22.382+00,NULL,2025-03-07 13:08:32.287+00,NULL,5b642797-aefb-493e-be4c-5e0a233a6fae,9YwtWKdNczTzJHMbVdh1J3ZFWAVmYPpCPR7FwoMvZkVx,solana,BirdEye,Api,35j3bjtDghWaJ6n8RsXVdxff82A7UxXCjhzw63nSpjcx,341.573578,64.6195024,0.189181794,"{""address"":""35j3bjtDghWaJ6n8RsXVdxff82A7UxXCjhzw63nSpjcx"",""decimals"":6,""balance"":341573578,""uiAmount"":341.573578,""chainId"":""solana"",""name"":""Smoky The Dog"",""symbol"":""SMOKY"",""icon"":""https://pump.mypinata.cloud/ipfs/QmPPeQPYbuyFMQbNMmCKAVbgXt6Tc8sXhbv9xvFLZwaKD5?img-width=256&img-dpr=2&img-onerror=redirect"",""logoURI"":""https://pump.mypinata.cloud/ipfs/QmPPeQPYbuyFMQbNMmCKAVbgXt6Tc8sXhbv9xvFLZwaKD5?img-width=256&img-dpr=2&img-onerror=redirect"",""priceUsd"":0.18918179437209373,""valueUsd"":64.61950239613631}"
2025-03-07 12:20:29.515+00,NULL,2025-03-07 12:58:08.29+00,NULL,1f7bd4a3-70c8-4652-b772-e235379eb3b8,9YwtWKdNczTzJHMbVdh1J3ZFWAVmYPpCPR7FwoMvZkVx,solana,BirdEye,Api,12f1AL2vwkcMrFfaXWPNLAzMGLCKWmjSK4M62iFepump,1015.952339,0.659773499,0.000649414,"{""address"":""12f1AL2vwkcMrFfaXWPNLAzMGLCKWmjSK4M62iFepump"",""decimals"":6,""balance"":1015952339,""uiAmount"":1015.952339,""chainId"":""solana"",""name"":""Official Elon Coin"",""symbol"":""ELON"",""icon"":""https://ipfs.io/ipfs/QmcHj9pFW77Vy9VqYEbTiaCJpSLbrYJZD9VWZvKs9MtUG8"",""logoURI"":""https://ipfs.io/ipfs/QmcHj9pFW77Vy9VqYEbTiaCJpSLbrYJZD9VWZvKs9MtUG8"",""priceUsd"":0.0006494138292077312,""valueUsd"":0.659773498762541}"
2025-03-07 12:20:21.745+00,NULL,2025-03-07 12:27:32.027+00,NULL,b6d0401d-1dec-4f89-b34b-6ee4c34ceeb4,9YwtWKdNczTzJHMbVdh1J3ZFWAVmYPpCPR7FwoMvZkVx,solana,BirdEye,Api,hJ33j7KBdVfRmU4bKB8B9ZJLA4UoDAKXnSnt7D2pump,3415.636202,28.12886463,0.008235322,"{""address"":""hJ33j7KBdVfRmU4bKB8B9ZJLA4UoDAKXnSnt7D2pump"",""decimals"":6,""balance"":3415636202,""uiAmount"":3415.636202,""chainId"":""solana"",""name"":""Micky"",""symbol"":""Micky"",""icon"":""https://arweave.net/E2IT4kepT0LhJVEqfRU3W5bsO7LiIlaOV_yGu8peGMs"",""logoURI"":""https://arweave.net/E2IT4kepT0LhJVEqfRU3W5bsO7LiIlaOV_yGu8peGMs"",""priceUsd"":0.008235322197027897,""valueUsd"":28.128864631302665}"
2025-03-07 12:14:47.249+00,NULL,NULL,NULL,953b29e0-64dc-418c-b3f2-280020f88d8b,FXdojkHs9SUwzPuE4NPD5XrgWdKEdBL4m8juNrWcARce,solana,BirdEye,Api,7SoRtg3ne8dM9SdVjWtqHYigFRwQ4ttgPxHHVi8gsKsD,184.878852,1.003367311,0.026001643,"{""address"":""7SoRtg3ne8dM9SdVjWtqHYigFRwQ4ttgPxHHVi8gsKsD"",""decimals"":6,""balance"":184878852,""uiAmount"":184.878852,""chainId"":""solana"",""name"":""GrokCoin"",""symbol"":""GrokCoin"",""icon"":""https://pbs.twimg.com/profile_images/1893219113717342208/Vgg2hEPa.jpg"",""logoURI"":""https://pbs.twimg.com/profile_images/1893219113717342208/Vgg2hEPa.jpg"",""priceUsd"":0.026001642630563343,""valueUsd"":1.00336731114658}"
2025-03-07 12:14:35.958+00,NULL,NULL,NULL,ee08e06f-6a75-403f-94de-e729842e9f20,FXdojkHs9SUwzPuE4NPD5XrgWdKEdBL4m8juNrWcARce,solana,BirdEye,Api,AXRJ6kD26qFFHCXNQpG9TsTwFs8xMFAgKfWQmUUnQFwF,116.31,1.523300459,0.0130969,"{""address"":""AXRJ6kD26qFFHCXNQpG9TsTwFs8xMFAgKfWQmUUnQFwF"",""decimals"":6,""balance"":116310000,""uiAmount"":116.31,""chainId"":""solana"",""name"":""GrokCoin"",""symbol"":""GrokCoin"",""icon"":""https://gateway.irys.xyz/kfQO0fyeXlIQceuWlFWR-fJ7rE0CPJjL7pHHJY8BwN0"",""logoURI"":""https://gateway.irys.xyz/kfQO0fyeXlIQceuWlFWR-fJ7rE0CPJjL7pHHJY8BwN0"",""priceUsd"":0.013096900174527,""valueUsd"":1.5233004592992354}"
2025-03-07 12:14:05.038+00,NULL,NULL,NULL,df0f7e24-2374-411d-b711-ccdb14c1ee1d,FXdojkHs9SUwzPuE4NPD5XrgWdKEdBL4m8juNrWcARce,solana,BirdEye,Api,8UCkykDckM3x1QGEBq9XXAxEE5g1MLgWT1Bhw8irtJz2,97566289.1,3.182025933,8.51E-05,"{""address"":""8UCkykDckM3x1QGEBq9XXAxEE5g1MLgWT1Bhw8irtJz2"",""decimals"":6,""balance"":97566289101396,""uiAmount"":97566289.101396,""chainId"":""solana"",""name"":""SafeMoon"",""symbol"":""SFM"",""icon"":""https://arweave.net/cwixRKuyNCpSxMEqZJDCwkdMK_SIfGiwkcCfpjK22Bs"",""logoURI"":""https://arweave.net/cwixRKuyNCpSxMEqZJDCwkdMK_SIfGiwkcCfpjK22Bs"",""priceUsd"":0.00008507203901766479,""valueUsd"":3.18202593344378}"
2025-03-07 12:14:03.437+00,NULL,NULL,NULL,a8dda595-771b-482b-be05-226ec9e3dffe,FXdojkHs9SUwzPuE4NPD5XrgWdKEdBL4m8juNrWcARce,solana,BirdEye,Api,2eWdhP7HYdsiFKogUvb3x8hpwdD7VSnWZ874GiP6G4yu,11125.209,3.424266661,0.001255924,"{""address"":""2eWdhP7HYdsiFKogUvb3x8hpwdD7VSnWZ874GiP6G4yu"",""decimals"":9,""balance"":11125209000000,""uiAmount"":11125.209,""chainId"":""solana"",""name"":""DOGE SURVIVOR"",""symbol"":""DS"",""icon"":""https://gateway.irys.xyz/AvfHVq7PaHxnzJqdNRu7FN4AVpNaAM45tU14Lvf8Tzs2"",""logoURI"":""https://gateway.irys.xyz/AvfHVq7PaHxnzJqdNRu7FN4AVpNaAM45tU14Lvf8Tzs2"",""priceUsd"":0.0012559235070101335,""valueUsd"":3.42426666145822}"
2025-03-07 12:13:27.456+00,NULL,2025-03-07 12:27:31.771+00,NULL,a00bef50-daee-4731-89c8-980e44ba103b,9YwtWKdNczTzJHMbVdh1J3ZFWAVmYPpCPR7FwoMvZkVx,solana,BirdEye,Api,BsNsCCu2i7QEFrhNYKmZh9xTwnJvzrVq9gVCynvo48k1,416.174179,192.8683047,0.463431694,"{""address"":""BsNsCCu2i7QEFrhNYKmZh9xTwnJvzrVq9gVCynvo48k1"",""decimals"":6,""balance"":416174179,""uiAmount"":416.174179,""chainId"":""solana"",""name"":""Plandex AI"",""symbol"":""PLX"",""icon"":""https://ipfs.io/ipfs/QmUAWGWKFvSL8PRqW98kPgXkzYcQo6zN9HqVvj9Q7zRUmS"",""logoURI"":""https://ipfs.io/ipfs/QmUAWGWKFvSL8PRqW98kPgXkzYcQo6zN9HqVvj9Q7zRUmS"",""priceUsd"":0.46343169391338274,""valueUsd"":192.86830473698134}"
2025-03-07 12:07:13.131+00,NULL,2025-03-07 12:13:28.69+00,NULL,1db720c6-9f0f-422e-b5c7-e6a10f967f42,9YwtWKdNczTzJHMbVdh1J3ZFWAVmYPpCPR7FwoMvZkVx,solana,BirdEye,Api,4oxGNNwJqqCe4Mudj6vUg4TGiSo8mChEnWf5CU1vgyzs,8631.523881,0.644023962,7.46E-05,"{""address"":""4oxGNNwJqqCe4Mudj6vUg4TGiSo8mChEnWf5CU1vgyzs"",""decimals"":6,""balance"":8631523881,""uiAmount"":8631.523881,""chainId"":""solana"",""name"":""SMOG"",""symbol"":""SMOG"",""icon"":""https://pump.mypinata.cloud/ipfs/QmQfbGqQxnmmMpnLoMFJU4eBWG6gKRNRyPhpT7MsBkTNjQ?img-width=256&img-dpr=2&img-onerror=redirect"",""logoURI"":""https://pump.mypinata.cloud/ipfs/QmQfbGqQxnmmMpnLoMFJU4eBWG6gKRNRyPhpT7MsBkTNjQ?img-width=256&img-dpr=2&img-onerror=redirect"",""priceUsd"":0.00007461300815178792,""valueUsd"":0.644023961695405}"
2025-03-07 12:01:32.139+00,NULL,2025-03-07 12:05:38.327+00,NULL,c65efe43-1e81-44b3-8140-a3138a20b166,9YwtWKdNczTzJHMbVdh1J3ZFWAVmYPpCPR7FwoMvZkVx,solana,BirdEye,Api,h2FtietJg4aK3BK2XmWtoGvFyrcAxc48bwsHX3hpump,585.42435,6.987783184,0.01193627,"{""address"":""h2FtietJg4aK3BK2XmWtoGvFyrcAxc48bwsHX3hpump"",""decimals"":6,""balance"":585424350,""uiAmount"":585.42435,""chainId"":""solana"",""name"":""PEPECLUB"",""symbol"":""PEPECLUB"",""icon"":""https://arweave.net/deG3_4z4I194sgKXEt5LN8YFgsiqIJkqYCOj6Gi5Cns"",""logoURI"":""https://arweave.net/deG3_4z4I194sgKXEt5LN8YFgsiqIJkqYCOj6Gi5Cns"",""priceUsd"":0.011936270132848963,""valueUsd"":6.987783183947518}"
2025-03-07 11:28:53.916+00,NULL,NULL,NULL,4a1eeb9e-b29e-4d4c-9d29-a097d4d95299,4t9bWuZsXXKGMgmd96nFD4KWxyPNTsPm4q9jEMH4jD2i,solana,BirdEye,Api,26UafJ8iABaHnvJ3DVqxvKiDUfHWR4xnNen6i8tkVF9Q,3479246.394,2.679831813,7.70E-07,"{""address"":""26UafJ8iABaHnvJ3DVqxvKiDUfHWR4xnNen6i8tkVF9Q"",""decimals"":9,""balance"":3479246394318443,""uiAmount"":3479246.394318443,""chainId"":""solana"",""name"":""Kylie Jenner"",""symbol"":""KYLIE"",""icon"":""https://bafybeidizaybsyuw6vdcsrphphdbdmc45ruhos4ftc3shvlvruwxegwfbq.ipfs.nftstorage.link"",""logoURI"":""https://bafybeidizaybsyuw6vdcsrphphdbdmc45ruhos4ftc3shvlvruwxegwfbq.ipfs.nftstorage.link"",""priceUsd"":7.70233409559097e-7,""valueUsd"":2.679831812992089}"
2025-03-07 11:20:11.079+00,NULL,2025-03-07 11:28:26.65+00,NULL,cdf001e7-b8ef-4190-ae1e-8a01e792a7ea,9YwtWKdNczTzJHMbVdh1J3ZFWAVmYPpCPR7FwoMvZkVx,solana,BirdEye,Api,u5ZRfo1GMijqjAyPjQnoU8UvXJmBZJnE2KGHhjBpump,142.5238568,0.088392955,0.000620198,"{""address"":""u5ZRfo1GMijqjAyPjQnoU8UvXJmBZJnE2KGHhjBpump"",""decimals"":7,""balance"":1425238568,""uiAmount"":142.5238568,""chainId"":""solana"",""name"":""CryptoChaosBot"",""symbol"":""CCB"",""icon"":""https://arweave.net/qiGxuSNoxJIGO5Yn3ClT9oic20njq239Fa32HTFb4B4"",""logoURI"":""https://arweave.net/qiGxuSNoxJIGO5Yn3ClT9oic20njq239Fa32HTFb4B4"",""priceUsd"":0.0006201976070698604,""valueUsd"":0.08839295493772745}"
2025-03-07 11:20:05.515+00,NULL,2025-03-07 11:28:23.649+00,NULL,ef47b30a-52ca-43fa-890f-81b946fd781b,9YwtWKdNczTzJHMbVdh1J3ZFWAVmYPpCPR7FwoMvZkVx,solana,BirdEye,Api,Da1KMCKw3EZMgJsoS9iKfSPFSnrP2d7UeWzuCm1PVw75,29783.14085,0.213297853,7.16E-06,"{""address"":""Da1KMCKw3EZMgJsoS9iKfSPFSnrP2d7UeWzuCm1PVw75"",""decimals"":6,""balance"":29783140847,""uiAmount"":29783.140847,""chainId"":""solana"",""name"":""ROARING DOGE"",""symbol"":""ROGE"",""icon"":""https://ipfs.io/ipfs/Qme2VnNcaRDHx5VZDvimqZ68JV1R4UpanbdBxAHivZCBeh?img-width=256&img-dpr=2&img-onerror=redirect"",""logoURI"":""https://ipfs.io/ipfs/Qme2VnNcaRDHx5VZDvimqZ68JV1R4UpanbdBxAHivZCBeh?img-width=256&img-dpr=2&img-onerror=redirect"",""priceUsd"":0.000007161697741707705,""valueUsd"":0.2132978525449224}"
2025-03-07 11:17:53.565+00,NULL,2025-03-07 11:31:25.236+00,NULL,543b0598-d637-48c9-894b-0056a23045c5,9YwtWKdNczTzJHMbVdh1J3ZFWAVmYPpCPR7FwoMvZkVx,solana,BirdEye,Api,BEfwXvXNiibJvu3UdJkn8wYGmqBNsRaFNm79df3imaJN,0.698323,0.080785475,0.115684969,"{""address"":""BEfwXvXNiibJvu3UdJkn8wYGmqBNsRaFNm79df3imaJN"",""decimals"":6,""balance"":698323,""uiAmount"":0.698323,""chainId"":""solana"",""name"":""SpaceX"",""symbol"":""SPACEX"",""icon"":""https://dd.dexscreener.com/ds-data/tokens/solana/2TCKFxG3sb9oStyK8j93MKUynwt5QomjnFA72tXkXsy8.png?claimId=My9UfG4xBtAToiQT"",""logoURI"":""https://dd.dexscreener.com/ds-data/tokens/solana/2TCKFxG3sb9oStyK8j93MKUynwt5QomjnFA72tXkXsy8.png?claimId=My9UfG4xBtAToiQT"",""priceUsd"":0.11568496930683483,""valueUsd"":0.08078547482125682}"
2025-03-07 11:13:02.884+00,NULL,2025-03-07 11:19:02.553+00,NULL,913e8b15-c56d-4c47-8055-c15fd0149b68,9YwtWKdNczTzJHMbVdh1J3ZFWAVmYPpCPR7FwoMvZkVx,solana,BirdEye,Api,fghhfYCNqHHEXb6f4kJu9kwPfBW8PbmE2kqRAhgpump,4545.647007,0.162007857,3.56E-05,"{""address"":""fghhfYCNqHHEXb6f4kJu9kwPfBW8PbmE2kqRAhgpump"",""decimals"":6,""balance"":4545647007,""uiAmount"":4545.647007,""chainId"":""solana"",""name"":""catnip on solana"",""symbol"":""catnip"",""icon"":""https://arweave.net/AkBOB1Fn52L7akLOoV_PE2JJ1t9tH1UFDB-E4RxHkY8"",""logoURI"":""https://arweave.net/AkBOB1Fn52L7akLOoV_PE2JJ1t9tH1UFDB-E4RxHkY8"",""priceUsd"":0.00003564021949801505,""valueUsd"":0.16200785708997514}"
2025-03-07 11:07:33.534+00,NULL,2025-03-07 11:19:04.487+00,NULL,e7ff32d2-a995-436f-beff-9e663f03f6c7,9YwtWKdNczTzJHMbVdh1J3ZFWAVmYPpCPR7FwoMvZkVx,solana,BirdEye,Api,U4pAu198dkVS39tUB6pdfC7iK4rhfQq4EFTqWbdpump,145.1288364,0.095292681,0.000656607,"{""address"":""U4pAu198dkVS39tUB6pdfC7iK4rhfQq4EFTqWbdpump"",""decimals"":7,""balance"":1451288364,""uiAmount"":145.1288364,""chainId"":""solana"",""name"":""CryptoChaosBot"",""symbol"":""CCB"",""icon"":""https://arweave.net/CLkuKNBDkxaIg8fdffdvUxY06w7R3DGsASZxivAk6so"",""logoURI"":""https://arweave.net/CLkuKNBDkxaIg8fdffdvUxY06w7R3DGsASZxivAk6so"",""priceUsd"":0.000656607492764874,""valueUsd"":0.09529268139648758}"
2025-03-07 10:31:33.798+00,NULL,2025-03-07 10:48:32.827+00,NULL,4b447c3a-bd2b-4939-a7e3-40f38db95a84,9YwtWKdNczTzJHMbVdh1J3ZFWAVmYPpCPR7FwoMvZkVx,solana,BirdEye,Api,7tNb5XuXfivZADM12D21qP1XoZ8ZAfUnFNQt23KgMYv6,0.698323,0.095633719,0.136947686,"{""address"":""7tNb5XuXfivZADM12D21qP1XoZ8ZAfUnFNQt23KgMYv6"",""decimals"":6,""balance"":698323,""uiAmount"":0.698323,""chainId"":""solana"",""name"":""Muskonomy"",""symbol"":""Muskonomy"",""icon"":""https://dd.dexscreener.com/ds-data/tokens/solana/Do4FVeF2MqVnTyjB7m6erTpHXPLdNJaKqZvtzUgtpump.png?size=lg&key=5a13b1"",""logoURI"":""https://dd.dexscreener.com/ds-data/tokens/solana/Do4FVeF2MqVnTyjB7m6erTpHXPLdNJaKqZvtzUgtpump.png?size=lg&key=5a13b1"",""priceUsd"":0.13694768552770695,""valueUsd"":0.0956337186007649}"
2025-03-07 10:25:35.361+00,NULL,2025-03-07 13:13:53.185+00,NULL,cc47c3f1-63c1-46b6-b41a-18f9df801a2c,9YwtWKdNczTzJHMbVdh1J3ZFWAVmYPpCPR7FwoMvZkVx,solana,BirdEye,Api,DdzMVM3TJdThcKwaBUUqjK2A3CkECRyobJURBTfaSN3R,16339046275,0.100205678,6.13E-12,"{""address"":""DdzMVM3TJdThcKwaBUUqjK2A3CkECRyobJURBTfaSN3R"",""decimals"":2,""balance"":1633904627523,""uiAmount"":16339046275.23,""chainId"":""solana"",""name"":""Manus AI Agent"",""symbol"":""ManusAI"",""icon"":""https://gateway.irys.xyz/Qlu3AV48Q5XI96CqKDpMJSPmSxzr3sZPfJKyC7Xlt9s"",""logoURI"":""https://gateway.irys.xyz/Qlu3AV48Q5XI96CqKDpMJSPmSxzr3sZPfJKyC7Xlt9s"",""priceUsd"":6.1328963890647836e-12,""valueUsd"":0.10020567790212047}"
2025-03-07 10:25:22.308+00,NULL,2025-03-07 10:48:02.128+00,NULL,4682a41d-7f80-4d03-8b77-7d0dd849a785,9YwtWKdNczTzJHMbVdh1J3ZFWAVmYPpCPR7FwoMvZkVx,solana,BirdEye,Api,8oZrr8YdzMWGuBVBcZtnViwsPBNLRr9MUeVLrnkH9Ws6,78.125855,484.4297094,6.20063242,"{""address"":""8oZrr8YdzMWGuBVBcZtnViwsPBNLRr9MUeVLrnkH9Ws6"",""decimals"":6,""balance"":78125855,""uiAmount"":78.125855,""chainId"":""solana"",""name"":""BlockHash AI"",""symbol"":""Hash"",""icon"":""https://cdn.dexscreener.com/cms/images/5kv2FVv613CWhJFB?width=150&height=150&fit=crop&quality=95&format=auto"",""logoURI"":""https://cdn.dexscreener.com/cms/images/5kv2FVv613CWhJFB?width=150&height=150&fit=crop&quality=95&format=auto"",""priceUsd"":6.200632420139076,""valueUsd"":484.42970936408454}"
2025-03-07 10:17:13.97+00,NULL,2025-03-07 10:18:20.345+00,NULL,ef389dee-7772-4deb-bd19-b6598b5052b4,9YwtWKdNczTzJHMbVdh1J3ZFWAVmYPpCPR7FwoMvZkVx,solana,BirdEye,Api,FuUGaTrZYAUUQ86iG6KbTgSCdd1W3GxtgPUe88y7QMzo,0.698322,0.135406113,0.193902116,"{""address"":""FuUGaTrZYAUUQ86iG6KbTgSCdd1W3GxtgPUe88y7QMzo"",""decimals"":6,""balance"":698322,""uiAmount"":0.698322,""chainId"":""solana"",""name"":""STONKS"",""symbol"":""STONKS"",""icon"":""https://dd.dexscreener.com/ds-data/tokens/solana/3y5yzZHhgfTzrkg3xf9TLucWRxWBC3o6iDutyTonpump.png?claimId=sYchVjyke3muCF3y"",""logoURI"":""https://dd.dexscreener.com/ds-data/tokens/solana/3y5yzZHhgfTzrkg3xf9TLucWRxWBC3o6iDutyTonpump.png?claimId=sYchVjyke3muCF3y"",""priceUsd"":0.19390211587948097,""valueUsd"":0.1354061133651909}"
2025-03-07 10:06:47.573+00,NULL,NULL,NULL,5142895d-716e-4f62-b65a-9b3a26692720,HV1KXxWFaSeriyFvXyx48FqG9BoFbfinB8njCJonqP7K,solana,BirdEye,Api,AizR9iUCQ4W4pfqZrBh424oLDTrEfMFMdgm1iUYVGq3S,7600,6.000327907,0.027689013,"{""address"":""AizR9iUCQ4W4pfqZrBh424oLDTrEfMFMdgm1iUYVGq3S"",""decimals"":6,""balance"":7600000000,""uiAmount"":7600,""chainId"":""solana"",""name"":""GREED 3â€‹. This time we all win"",""symbol"":""GREEDâ€‹ 3"",""icon"":""https://gateway.irys.xyz/gnDZEtaPWN1eCh12fkiMeBFnW1Q4EuxXuPnsY4qmex0"",""logoURI"":""https://gateway.irys.xyz/gnDZEtaPWN1eCh12fkiMeBFnW1Q4EuxXuPnsY4qmex0"",""priceUsd"":0.027689013365078324,""valueUsd"":6.0003279072}"
2025-03-07 10:06:47.162+00,NULL,NULL,NULL,f2d3227a-c420-4f54-b07a-3ee598c34d07,HV1KXxWFaSeriyFvXyx48FqG9BoFbfinB8njCJonqP7K,solana,BirdEye,Api,GwMwdE66iDQo2cJRSQPkJrF2d1uvyoGnFwoYh7nbJyFM,3766.743661,6.00199574,0.039482607,"{""address"":""GwMwdE66iDQo2cJRSQPkJrF2d1uvyoGnFwoYh7nbJyFM"",""decimals"":6,""balance"":3766743661,""uiAmount"":3766.743661,""chainId"":""solana"",""name"":""ð–²TONKS"",""symbol"":""ð–²TONKS"",""icon"":""https://gateway.irys.xyz/-Z3jEF8bhUVmBzm3pxffJ5IWMJKE0NeUvM2IQ3sYaJk"",""logoURI"":""https://gateway.irys.xyz/-Z3jEF8bhUVmBzm3pxffJ5IWMJKE0NeUvM2IQ3sYaJk"",""priceUsd"":0.03948260728589731,""valueUsd"":6.0019957404}"
2025-03-07 10:06:45.731+00,NULL,NULL,NULL,2a36d0e0-a5da-413c-a0a4-d8c419df9933,HV1KXxWFaSeriyFvXyx48FqG9BoFbfinB8njCJonqP7K,solana,BirdEye,Api,2HdzfUiFWfZHZ544ynffeneuibbDK6biCdjovejr8ez9,8628.616213,6.038534086,0.030988896,"{""address"":""2HdzfUiFWfZHZ544ynffeneuibbDK6biCdjovejr8ez9"",""decimals"":6,""balance"":8628616213,""uiAmount"":8628.616213,""chainId"":""solana"",""name"":""Grokâ€‹Coin"",""symbol"":""GrokCoin"",""icon"":""https://gateway.irys.xyz/2MY-HFAb0mDI8v7tAQOXmOBsLF02bfNU4TwH8pp0JeE"",""logoURI"":""https://gateway.irys.xyz/2MY-HFAb0mDI8v7tAQOXmOBsLF02bfNU4TwH8pp0JeE"",""priceUsd"":0.03098889625785531,""valueUsd"":6.0385340862}"
2025-03-07 10:06:34.039+00,NULL,NULL,NULL,379e73d9-461d-48bd-831b-db7c692e657e,HV1KXxWFaSeriyFvXyx48FqG9BoFbfinB8njCJonqP7K,solana,BirdEye,Api,Ak9EMcUBWemNucyzZtQ4ibgCumLuHfvhRbJUjKvUDQtc,2000,17.61568226,0.01100538,"{""address"":""Ak9EMcUBWemNucyzZtQ4ibgCumLuHfvhRbJUjKvUDQtc"",""decimals"":6,""balance"":2000000000,""uiAmount"":2000,""chainId"":""solana"",""name"":""GrokCoin"",""symbol"":""GrokCoin"",""icon"":""https://file.dexlab.space/file/be4c628d4750447084ffc5d9c2ba8174"",""logoURI"":""https://file.dexlab.space/file/be4c628d4750447084ffc5d9c2ba8174"",""priceUsd"":0.011005379681416546,""valueUsd"":17.6156822556}"
2025-03-07 10:02:38.633+00,NULL,2025-03-07 10:07:27.167+00,NULL,3c9be4ee-fc80-4560-a64f-8bdf47fd315e,9YwtWKdNczTzJHMbVdh1J3ZFWAVmYPpCPR7FwoMvZkVx,solana,BirdEye,Api,3T9XKSRoJK9bnkF2zzF3vqZpyaj5toTycHyFKm3MaHmN,398.4840902,0.068192222,0.000171129,"{""address"":""3T9XKSRoJK9bnkF2zzF3vqZpyaj5toTycHyFKm3MaHmN"",""decimals"":9,""balance"":398484090246,""uiAmount"":398.484090246,""chainId"":""solana"",""name"":""Manus AI"",""symbol"":""Manus"",""icon"":""https://arweave.net/MQZCks3-VNB_-39apvzN91ZCBHP5zNGM9erelLK0ToI"",""logoURI"":""https://arweave.net/MQZCks3-VNB_-39apvzN91ZCBHP5zNGM9erelLK0ToI"",""priceUsd"":0.00017112909634389077,""valueUsd"":0.0681922222712154}"
2025-03-07 10:01:22.18+00,NULL,2025-03-07 10:07:19.704+00,NULL,7788a9ab-6577-4f6a-be58-4884d8370f38,9YwtWKdNczTzJHMbVdh1J3ZFWAVmYPpCPR7FwoMvZkVx,solana,BirdEye,Api,6CTupBat3TcFAFPu9BtVeqCjTqn74vrfXPfUhed2P1Xa,104284.3828,829.0707742,0.007950095,"{""address"":""6CTupBat3TcFAFPu9BtVeqCjTqn74vrfXPfUhed2P1Xa"",""decimals"":6,""balance"":104284382840,""uiAmount"":104284.38284,""chainId"":""solana"",""name"":""Dogeious Maximus"",""symbol"":""Dogeious"",""icon"":""https://pump.mypinata.cloud/ipfs/QmbzhpMeLSawR1GeJV8C9e1FGoqPpNtyi5yraRHPRmnnV9?img-width=256&img-dpr=2&img-onerror=redirect"",""logoURI"":""https://pump.mypinata.cloud/ipfs/QmbzhpMeLSawR1GeJV8C9e1FGoqPpNtyi5yraRHPRmnnV9?img-width=256&img-dpr=2&img-onerror=redirect"",""priceUsd"":0.007950095226795946,""valueUsd"":829.0707742456451}"
2025-03-07 09:45:50.883+00,NULL,NULL,NULL,0044e0fd-e661-4ff0-af23-fcd4caf6dc74,AxWczkAccQfrbb6vEpXut5ZQeBxLQnjTec2C3taZTuJ2,solana,BirdEye,Api,6HrXCfEH9rXW1NvinKpptEGzWmE7VCtxjVProRRSpump,12090203.57,413.7158222,3.42E-05,"{""address"":""6HrXCfEH9rXW1NvinKpptEGzWmE7VCtxjVProRRSpump"",""decimals"":6,""balance"":12090203565274,""uiAmount"":12090203.565274,""chainId"":""solana"",""name"":""haggis"",""symbol"":""HAGGIS"",""icon"":""https://ipfs.io/ipfs/QmQg4jWGmJUBYcBcESmWa2CtAPF8rvAs1UyYaXBT6ewGBo"",""logoURI"":""https://ipfs.io/ipfs/QmQg4jWGmJUBYcBcESmWa2CtAPF8rvAs1UyYaXBT6ewGBo"",""priceUsd"":0.00003421909482435419,""valueUsd"":413.71582224585615}"
2025-03-07 09:45:17.655+00,NULL,NULL,NULL,f417d8c3-5102-4891-b284-833c3fc80011,9YwtWKdNczTzJHMbVdh1J3ZFWAVmYPpCPR7FwoMvZkVx,solana,BirdEye,Api,6SwDZfA3Zz7bfNvicSoHU6dVWPcyEeSfE5azVDRKGK8i,289.196998,2.754544388,0.009524803,"{""address"":""6SwDZfA3Zz7bfNvicSoHU6dVWPcyEeSfE5azVDRKGK8i"",""decimals"":6,""balance"":289196998,""uiAmount"":289.196998,""chainId"":""solana"",""name"":""DOGE.X"",""symbol"":""DOGE.X"",""icon"":""https://pump.mypinata.cloud/ipfs/QmVCWYs6wJdGyAyN2MYkVWqw8oH9oKBmXFPveoTnY4UJyt?img-width=256&img-dpr=2&img-onerror=redirect"",""logoURI"":""https://pump.mypinata.cloud/ipfs/QmVCWYs6wJdGyAyN2MYkVWqw8oH9oKBmXFPveoTnY4UJyt?img-width=256&img-dpr=2&img-onerror=redirect"",""priceUsd"":0.00952480283966051,""valueUsd"":2.754544387771695}"
2025-03-07 09:44:20.91+00,NULL,NULL,NULL,6958e6aa-d154-4e57-a77c-98034de6319e,BieeZkdnBAgNYknzo3RH2vku7FcPkFZMZmRJANh2TpW,solana,BirdEye,Api,GTLzfPYQFGYHf4HGnHdXHNqNFm6JDfpcPSZTtkH6pump,6855826.657,636.4542115,9.28E-05,"{""address"":""GTLzfPYQFGYHf4HGnHdXHNqNFm6JDfpcPSZTtkH6pump"",""decimals"":6,""balance"":6855826656640,""uiAmount"":6855826.65664,""chainId"":""solana"",""name"":""SIDELINED?"",""symbol"":""SIDELINED"",""icon"":""https://ipfs.io/ipfs/QmX2RDg4PJSXDqzZudQD1NS17AbA47hBcQHrS4D9AjxS6N"",""logoURI"":""https://ipfs.io/ipfs/QmX2RDg4PJSXDqzZudQD1NS17AbA47hBcQHrS4D9AjxS6N"",""priceUsd"":0.00009283405829122257,""valueUsd"":636.4542114770353}"
2025-03-07 09:44:14.37+00,NULL,NULL,NULL,ab80e0a6-c2b1-42f9-a296-43733d9394a6,BieeZkdnBAgNYknzo3RH2vku7FcPkFZMZmRJANh2TpW,solana,BirdEye,Api,9G5pRZ7PnLtdcvZXwAqbdZoJ8qmoiULLbUUQNo1mpump,141027933.2,776.930835,5.51E-06,"{""address"":""9G5pRZ7PnLtdcvZXwAqbdZoJ8qmoiULLbUUQNo1mpump"",""decimals"":6,""balance"":141027933163590,""uiAmount"":141027933.16359,""chainId"":""solana"",""name"":""Strategic BigMac Reserve"",""symbol"":""SBR"",""icon"":""https://ipfs.io/ipfs/Qmc6puie1Rv1bSmWPrHCcgeqkKJDotvUny4Q17jCWeNgX5"",""logoURI"":""https://ipfs.io/ipfs/Qmc6puie1Rv1bSmWPrHCcgeqkKJDotvUny4Q17jCWeNgX5"",""priceUsd"":0.000005509056380337846,""valueUsd"":776.9308350007349}"
2025-03-07 09:44:11.663+00,NULL,NULL,NULL,489d7365-d38b-4bde-afac-5cc987554d0a,BieeZkdnBAgNYknzo3RH2vku7FcPkFZMZmRJANh2TpW,solana,BirdEye,Api,HgHbrBJ3SLhRRsaVR57Pk6nHQwwPdiUXMsvV7Mokpump,144138730.7,833.413324,5.78E-06,"{""address"":""HgHbrBJ3SLhRRsaVR57Pk6nHQwwPdiUXMsvV7Mokpump"",""decimals"":6,""balance"":144138730740325,""uiAmount"":144138730.740325,""chainId"":""solana"",""name"":""BUDGET NEUTRAL"",""symbol"":""BN"",""icon"":""https://ipfs.io/ipfs/QmfX1jA6BT1vzjNpqkLexfXT3tGh7VA7456NGETMEQfMPD"",""logoURI"":""https://ipfs.io/ipfs/QmfX1jA6BT1vzjNpqkLexfXT3tGh7VA7456NGETMEQfMPD"",""priceUsd"":0.000005782022082040868,""valueUsd"":833.413324017902}"
2025-03-07 09:44:09.174+00,NULL,NULL,NULL,45433987-2431-4172-b3b6-1d9791140d21,BieeZkdnBAgNYknzo3RH2vku7FcPkFZMZmRJANh2TpW,solana,BirdEye,Api,G8R9gdLzgvgHjwzr6DVKVwQbghUqMRGZT5WFkvEapump,38168746.3,889.4869774,2.33E-05,"{""address"":""G8R9gdLzgvgHjwzr6DVKVwQbghUqMRGZT5WFkvEapump"",""decimals"":6,""balance"":38168746301328,""uiAmount"":38168746.301328,""chainId"":""solana"",""name"":""Golden Age of Digital Assets"",""symbol"":""GADA"",""icon"":""https://ipfs.io/ipfs/QmXXx6AgyXrn4WpkKTvRRsKSpnNGNB7jwCTfawqTYNeBZa"",""logoURI"":""https://ipfs.io/ipfs/QmXXx6AgyXrn4WpkKTvRRsKSpnNGNB7jwCTfawqTYNeBZa"",""priceUsd"":0.000023304065855073032,""valueUsd"":889.486977411723}"
2025-03-07 09:44:08.741+00,NULL,NULL,NULL,acb5eb44-d148-44ac-8189-177fe42579c9,BieeZkdnBAgNYknzo3RH2vku7FcPkFZMZmRJANh2TpW,solana,BirdEye,Api,3NcDCKB9wx7G7hZn2qbCFEEeTbYvX6KfZVuKBj8upump,153285714.3,928.2269732,6.06E-06,"{""address"":""3NcDCKB9wx7G7hZn2qbCFEEeTbYvX6KfZVuKBj8upump"",""decimals"":6,""balance"":153285714276956,""uiAmount"":153285714.276956,""chainId"":""solana"",""name"":""Budget neutral strategies"",""symbol"":""BNS"",""icon"":""https://ipfs.io/ipfs/QmerwyQyKM4zHmVRHXxVGNRnQmndJ8b9AQZH6eFYHHPjuc"",""logoURI"":""https://ipfs.io/ipfs/QmerwyQyKM4zHmVRHXxVGNRnQmndJ8b9AQZH6eFYHHPjuc"",""priceUsd"":0.000006055534774295807,""valueUsd"":928.2269732068783}"
2025-03-07 09:43:39.744+00,NULL,NULL,NULL,dd19072e-0ff1-4b94-a3be-d9a6fed91736,BieeZkdnBAgNYknzo3RH2vku7FcPkFZMZmRJANh2TpW,solana,BirdEye,Api,7QmLC3BFDvtLRD1Qy7iJnLrtAN96J6d9wchiC2LWpump,41030939.69,2552.033527,6.22E-05,"{""address"":""7QmLC3BFDvtLRD1Qy7iJnLrtAN96J6d9wchiC2LWpump"",""decimals"":6,""balance"":41030939693650,""uiAmount"":41030939.69365,""chainId"":""solana"",""name"":""Digital Gold "",""symbol"":""BITCOIN"",""icon"":""https://pump.mypinata.cloud/ipfs/QmT3X6MdgzdQhVKksZoT3YCXjX2PHVBgaU378rW5kdUNFD"",""logoURI"":""https://pump.mypinata.cloud/ipfs/QmT3X6MdgzdQhVKksZoT3YCXjX2PHVBgaU378rW5kdUNFD"",""priceUsd"":0.0000621977840674225,""valueUsd"":2552.033527149077}"
2025-03-07 09:43:37.118+00,NULL,NULL,NULL,cf597a95-047c-4a7b-920a-e9521521ca66,BieeZkdnBAgNYknzo3RH2vku7FcPkFZMZmRJANh2TpW,solana,BirdEye,Api,Do4FVeF2MqVnTyjB7m6erTpHXPLdNJaKqZvtzUgtpump,48995647.89,3802.503663,7.76E-05,"{""address"":""Do4FVeF2MqVnTyjB7m6erTpHXPLdNJaKqZvtzUgtpump"",""decimals"":6,""balance"":48995647890256,""uiAmount"":48995647.890256,""chainId"":""solana"",""name"":""Muskonomy"",""symbol"":""Muskonomy"",""icon"":""https://ipfs.io/ipfs/QmNiR13Qf6UjxP3DLSg8LeeFrwtfSeZjViKVQmZ9uJuucM"",""logoURI"":""https://ipfs.io/ipfs/QmNiR13Qf6UjxP3DLSg8LeeFrwtfSeZjViKVQmZ9uJuucM"",""priceUsd"":0.00007760900870174665,""valueUsd"":3802.503663462593}"
2025-03-07 09:43:28.419+00,NULL,NULL,NULL,f7b5ff7f-e409-44f4-a0e3-7d78cc7290b3,BieeZkdnBAgNYknzo3RH2vku7FcPkFZMZmRJANh2TpW,solana,BirdEye,Api,3NZ9JMVBmGAqocybic2c7LQCJScmgsAZ6vQqTDzcqmJh,0.15917779,14143.46108,88853.23185,"{""address"":""3NZ9JMVBmGAqocybic2c7LQCJScmgsAZ6vQqTDzcqmJh"",""decimals"":8,""balance"":15917779,""uiAmount"":0.15917779,""chainId"":""solana"",""name"":""Wrapped BTC (Wormhole)"",""symbol"":""WBTC"",""icon"":""https://raw.githubusercontent.com/solana-labs/token-list/main/assets/mainnet/3NZ9JMVBmGAqocybic2c7LQCJScmgsAZ6vQqTDzcqmJh/logo.png"",""logoURI"":""https://raw.githubusercontent.com/solana-labs/token-list/main/assets/mainnet/3NZ9JMVBmGAqocybic2c7LQCJScmgsAZ6vQqTDzcqmJh/logo.png"",""priceUsd"":88853.23184640428,""valueUsd"":14143.461079668254}"
